experiment_id,phase,dataset_version,cheese_category,prediction_task,model_family,model_config_id,n_train,n_val,n_test,split_strategy,grouping_variable,n_folds,train_r2,val_r2,test_r2,train_rmse,val_rmse,test_rmse,test_mae,result_file_path,evidence_status,cv_r2_mean,cv_r2_std,cv_rmse_mean,cv_rmse_std,test_accuracy,test_macro_f1,notes,loro_mean_r2,loro_median_r2,loro_std_r2,loro_min_r2,loro_max_r2
EXP-0001,production_context_holdout,v6,soft,general_shelf_life,random_forest,production_random_forest_v6,10035.0,2150.0,2150.0,context_id-grouped 70/15/15,context_id,1,0.992679535402607,0.9269859056435947,0.9298183040184903,2.557842612600586,8.273503621389748,7.62456548542175,4.39782900560931,artifacts_v6\soft\general_shelf_life\metrics.json,verified_from_result_file,,,,,,,,,,,,
EXP-0002,production_context_holdout,v6,soft,general_shelf_life,lightgbm,production_lightgbm_v6,10035.0,2150.0,2150.0,context_id-grouped 70/15/15,context_id,1,0.9932853676231369,0.9465297923364892,0.9360341905722601,2.449715307850911,7.080143260687848,7.279090505170828,4.2346520312847895,artifacts_v6\soft\general_shelf_life\metrics.json,verified_from_result_file,,,,,,,,,,,,
EXP-0003,production_context_holdout,v6,soft,general_shelf_life,xgboost,production_xgboost_v6,10035.0,2150.0,2150.0,context_id-grouped 70/15/15,context_id,1,0.9962135950565995,0.9430396645918293,0.9403985780092484,1.8395772293383832,7.3075598157745105,7.026377515992133,4.07590295628215,artifacts_v6\soft\general_shelf_life\metrics.json,verified_from_result_file,,,,,,,,,,,,
EXP-0004,production_context_holdout,v6,soft,general_shelf_life,ebm,production_ebm_v6,10035.0,2150.0,2150.0,context_id-grouped 70/15/15,context_id,1,0.9502851536898036,0.8825492941489257,0.8943602198378174,6.665727363428002,10.493344364749953,9.354421044633003,5.882466333029705,artifacts_v6\soft\general_shelf_life\metrics.json,verified_from_result_file,,,,,,,,,,,,
EXP-0005,production_context_holdout,v6,soft,safety_endpoint,random_forest,production_random_forest_v6,2935.0,630.0,630.0,context_id-grouped 70/15/15,context_id,1,0.9892133088419848,0.8843807612416993,0.906922482756628,2.77277692880092,6.368864644282562,5.539333375473121,3.049038879231725,artifacts_v6\soft\safety_endpoint\metrics.json,verified_from_result_file,,,,,,,,,,,,
EXP-0006,production_context_holdout,v6,soft,safety_endpoint,lightgbm,production_lightgbm_v6,2935.0,630.0,630.0,context_id-grouped 70/15/15,context_id,1,0.9746759402597428,0.9337562653918053,0.9166960664801527,4.248518114704094,4.820802843796321,5.2404413213419225,2.8376728112594667,artifacts_v6\soft\safety_endpoint\metrics.json,verified_from_result_file,,,,,,,,,,,,
EXP-0007,production_context_holdout,v6,soft,safety_endpoint,xgboost,production_xgboost_v6,2935.0,630.0,630.0,context_id-grouped 70/15/15,context_id,1,0.9995847470976392,0.9342113606953905,0.912128260779817,0.544035385068837,4.804214816123516,5.382198603384352,2.981479735555346,artifacts_v6\soft\safety_endpoint\metrics.json,verified_from_result_file,,,,,,,,,,,,
EXP-0008,production_context_holdout,v6,soft,safety_endpoint,ebm,production_ebm_v6,2935.0,630.0,630.0,context_id-grouped 70/15/15,context_id,1,0.9476593341984384,0.7749303834796213,0.8549768295558554,6.107879086543247,8.885981438167681,6.9143889458096535,4.585014349311356,artifacts_v6\soft\safety_endpoint\metrics.json,verified_from_result_file,,,,,,,,,,,,
EXP-0009,production_context_holdout,v6,semi_hard,general_shelf_life,random_forest,production_random_forest_v6,7330.0,1570.0,1570.0,context_id-grouped 70/15/15,context_id,1,0.9929581006769344,0.8768372222390031,0.8888310468782592,8.49269386855358,30.784589000478054,26.653023151201367,16.881771162332377,artifacts_v6\semi_hard\general_shelf_life\metrics.json,verified_from_result_file,,,,,,,,,,,,
EXP-0010,production_context_holdout,v6,semi_hard,general_shelf_life,lightgbm,production_lightgbm_v6,7330.0,1570.0,1570.0,context_id-grouped 70/15/15,context_id,1,0.9738849585265635,0.8822433335269827,0.9049104155273153,16.354825836714394,30.101377733270525,24.65024234692544,15.892605883626498,artifacts_v6\semi_hard\general_shelf_life\metrics.json,verified_from_result_file,,,,,,,,,,,,
EXP-0011,production_context_holdout,v6,semi_hard,general_shelf_life,xgboost,production_xgboost_v6,7330.0,1570.0,1570.0,context_id-grouped 70/15/15,context_id,1,0.9802080498364569,0.8817261921149664,0.8963282108592334,14.237864585030351,30.16740208751209,25.738605613105015,16.500706291859622,artifacts_v6\semi_hard\general_shelf_life\metrics.json,verified_from_result_file,,,,,,,,,,,,
EXP-0012,production_context_holdout,v6,semi_hard,general_shelf_life,ebm,production_ebm_v6,7330.0,1570.0,1570.0,context_id-grouped 70/15/15,context_id,1,0.9686891688983251,0.8594788290680598,0.8891537650631227,17.908031988419715,32.88247527019642,26.61430880487188,18.405579482179448,artifacts_v6\semi_hard\general_shelf_life\metrics.json,verified_from_result_file,,,,,,,,,,,,
EXP-0013,production_context_holdout,v6,semi_hard,safety_endpoint,random_forest,production_random_forest_v6,780.0,165.0,170.0,context_id-grouped 70/15/15,context_id,1,0.9813484176938828,0.7780067656135594,0.7773783716332996,4.938163999065197,17.37433975464352,21.4141659116058,16.327914075584104,artifacts_v6\semi_hard\safety_endpoint\metrics.json,verified_from_result_file,,,,,,,,,,,,
EXP-0014,production_context_holdout,v6,semi_hard,safety_endpoint,lightgbm,production_lightgbm_v6,780.0,165.0,170.0,context_id-grouped 70/15/15,context_id,1,0.9825475798210964,0.7625695892593233,0.8614921345807424,4.776782846796922,17.968284376942712,16.890974402436566,12.663839639066886,artifacts_v6\semi_hard\safety_endpoint\metrics.json,verified_from_result_file,,,,,,,,,,,,
EXP-0015,production_context_holdout,v6,semi_hard,safety_endpoint,xgboost,production_xgboost_v6,780.0,165.0,170.0,context_id-grouped 70/15/15,context_id,1,0.9933454660317185,0.7494812239875479,0.7883416740121746,2.949622867732159,18.45689242856426,20.880224514183002,15.524632663681926,artifacts_v6\semi_hard\safety_endpoint\metrics.json,verified_from_result_file,,,,,,,,,,,,
EXP-0016,production_context_holdout,v6,semi_hard,safety_endpoint,ebm,production_ebm_v6,780.0,165.0,170.0,context_id-grouped 70/15/15,context_id,1,0.9843394605207786,0.7330224976607251,0.8310316759748075,4.524921275966679,19.053544269023885,18.656068762903242,13.603560595159236,artifacts_v6\semi_hard\safety_endpoint\metrics.json,verified_from_result_file,,,,,,,,,,,,
EXP-0017,production_context_holdout,v6,hard,general_shelf_life,random_forest,production_random_forest_v6,3345.0,715.0,720.0,context_id-grouped 70/15/15,context_id,1,0.987675587804521,0.8661640145858878,0.8473823714020201,9.477710450435117,31.189312116708482,33.673169835627384,25.242745610846708,artifacts_v6\hard\general_shelf_life\metrics.json,verified_from_result_file,,,,,,,,,,,,
EXP-0018,production_context_holdout,v6,hard,general_shelf_life,lightgbm,production_lightgbm_v6,3345.0,715.0,720.0,context_id-grouped 70/15/15,context_id,1,0.9957247924495758,0.8886350271703846,0.8756650356091498,5.582116946662008,28.450745692783318,30.393330129847723,22.538918949588076,artifacts_v6\hard\general_shelf_life\metrics.json,verified_from_result_file,,,,,,,,,,,,
EXP-0019,production_context_holdout,v6,hard,general_shelf_life,xgboost,production_xgboost_v6,3345.0,715.0,720.0,context_id-grouped 70/15/15,context_id,1,0.9980807922086994,0.8861424139486903,0.8661447667974014,3.740083757233671,28.76738144301813,31.535471429781694,23.23247314840952,artifacts_v6\hard\general_shelf_life\metrics.json,verified_from_result_file,,,,,,,,,,,,
EXP-0020,production_context_holdout,v6,hard,general_shelf_life,ebm,production_ebm_v6,3345.0,715.0,720.0,context_id-grouped 70/15/15,context_id,1,0.962881770745063,0.7820943368707206,0.8009868030074205,16.44803244448051,39.79729960841465,38.45232358997444,28.972995714203954,artifacts_v6\hard\general_shelf_life\metrics.json,verified_from_result_file,,,,,,,,,,,,
EXP-0021,production_context_holdout,v6,hard,safety_endpoint,random_forest,production_random_forest_v6,530.0,115.0,110.0,context_id-grouped 70/15/15,context_id,1,0.9861780387050018,0.8433538819265542,0.7529365659439178,8.865714089501859,32.76684440380228,30.5719792606735,20.693365158588325,artifacts_v6\hard\safety_endpoint\metrics.json,verified_from_result_file,,,,,,,,,,,,
EXP-0022,production_context_holdout,v6,hard,safety_endpoint,lightgbm,production_lightgbm_v6,530.0,115.0,110.0,context_id-grouped 70/15/15,context_id,1,0.9949232086450713,0.8659836844831348,0.7861595496684589,5.373082921453316,30.307745889472702,28.442269662242108,20.689994585365387,artifacts_v6\hard\safety_endpoint\metrics.json,verified_from_result_file,,,,,,,,,,,,
EXP-0023,production_context_holdout,v6,hard,safety_endpoint,xgboost,production_xgboost_v6,530.0,115.0,110.0,context_id-grouped 70/15/15,context_id,1,0.9988319464595391,0.8634131083820784,0.7815472173983884,2.57727202920284,30.597032742681414,28.747369424548307,18.132154260531337,artifacts_v6\hard\safety_endpoint\metrics.json,verified_from_result_file,,,,,,,,,,,,
EXP-0024,production_context_holdout,v6,hard,safety_endpoint,ebm,production_ebm_v6,530.0,115.0,110.0,context_id-grouped 70/15/15,context_id,1,0.9925314416433141,0.7094659828632552,0.7032441578420447,6.516993303765442,44.62449300062565,33.50572026295107,27.957875098435977,artifacts_v6\hard\safety_endpoint\metrics.json,verified_from_result_file,,,,,,,,,,,,
EXP-0025,production_context_holdout,v7,soft,general_shelf_life,random_forest,production_random_forest_v7,6160.0,1320.0,1320.0,context_id-grouped 70/15/15,context_id,1,0.997437412761851,0.9545784949491586,0.9561614033073033,1.2864177038259044,5.666267798035604,5.993834194828447,2.9468710144868275,artifacts_v7\soft\general_shelf_life\metrics.json,verified_from_result_file,,,,,,,,,,,,
EXP-0026,production_context_holdout,v7,soft,general_shelf_life,lightgbm,production_lightgbm_v7,6160.0,1320.0,1320.0,context_id-grouped 70/15/15,context_id,1,0.9966264088992159,0.971523832447118,0.9707832754724322,1.4760086408622515,4.4864941494795225,4.893190976096669,2.5292174917065706,artifacts_v7\soft\general_shelf_life\metrics.json,verified_from_result_file,,,,,,,,,,,,
EXP-0027,production_context_holdout,v7,soft,general_shelf_life,xgboost,production_xgboost_v7,6160.0,1320.0,1320.0,context_id-grouped 70/15/15,context_id,1,0.9986287927478901,0.9693961294925358,0.9681312420282828,0.9410099801950101,4.651087541654287,5.110447983854084,2.548385191476706,artifacts_v7\soft\general_shelf_life\metrics.json,verified_from_result_file,,,,,,,,,,,,
EXP-0028,production_context_holdout,v7,soft,general_shelf_life,ebm,production_ebm_v7,6160.0,1320.0,1320.0,context_id-grouped 70/15/15,context_id,1,0.9848475986645583,0.9435686492587637,0.9437338450947685,3.1281200444307258,6.3157736756119,6.790472926232705,3.883656863688942,artifacts_v7\soft\general_shelf_life\metrics.json,verified_from_result_file,,,,,,,,,,,,
EXP-0029,production_context_holdout,v7,soft,safety_endpoint,random_forest,production_random_forest_v7,3360.0,720.0,720.0,context_id-grouped 70/15/15,context_id,1,0.9973287314373377,0.5482478528830266,0.5719799535294008,0.8428866826348452,10.974666822183964,10.619925300335701,7.852913368941917,artifacts_v7\soft\safety_endpoint\metrics.json,verified_from_result_file,,,,,,,,,,,,
EXP-0030,production_context_holdout,v7,soft,safety_endpoint,lightgbm,production_lightgbm_v7,3360.0,720.0,720.0,context_id-grouped 70/15/15,context_id,1,0.875852125626402,0.5834605596873372,0.5729352721384542,5.746191027356152,10.538269391894888,10.608067117891775,7.847420221387506,artifacts_v7\soft\safety_endpoint\metrics.json,verified_from_result_file,,,,,,,,,,,,
EXP-0031,production_context_holdout,v7,soft,safety_endpoint,xgboost,production_xgboost_v7,3360.0,720.0,720.0,context_id-grouped 70/15/15,context_id,1,0.8315091589888468,0.5924458532398971,0.5940371424434929,6.694198168462186,10.423987692237517,10.342667367157246,7.7322355736891435,artifacts_v7\soft\safety_endpoint\metrics.json,verified_from_result_file,,,,,,,,,,,,
EXP-0032,production_context_holdout,v7,soft,safety_endpoint,ebm,production_ebm_v7,3360.0,720.0,720.0,context_id-grouped 70/15/15,context_id,1,0.9440230561147968,0.3927150291262943,0.3603065095989888,3.8584689314453793,12.724405432866325,12.98300943501758,10.480755653206787,artifacts_v7\soft\safety_endpoint\metrics.json,verified_from_result_file,,,,,,,,,,,,
EXP-0033,production_context_holdout,v7,semi_hard,general_shelf_life,random_forest,production_random_forest_v7,5040.0,1080.0,1080.0,context_id-grouped 70/15/15,context_id,1,0.99451612618177,0.9249650162650103,0.905102160574028,3.6001224892814334,13.417546090744706,14.572822987890442,9.21562464619486,artifacts_v7\semi_hard\general_shelf_life\metrics.json,verified_from_result_file,,,,,,,,,,,,
EXP-0034,production_context_holdout,v7,semi_hard,general_shelf_life,lightgbm,production_lightgbm_v7,5040.0,1080.0,1080.0,context_id-grouped 70/15/15,context_id,1,0.9903309188922345,0.9314494789882728,0.919869058941944,4.780421074167775,12.824681239327129,13.391081364794847,7.99662791419906,artifacts_v7\semi_hard\general_shelf_life\metrics.json,verified_from_result_file,,,,,,,,,,,,
EXP-0035,production_context_holdout,v7,semi_hard,general_shelf_life,xgboost,production_xgboost_v7,5040.0,1080.0,1080.0,context_id-grouped 70/15/15,context_id,1,0.9947950762889155,0.9296192614130745,0.9274891101575132,3.5073631507628895,12.994755408535763,12.738466363882907,7.811026534610324,artifacts_v7\semi_hard\general_shelf_life\metrics.json,verified_from_result_file,,,,,,,,,,,,
EXP-0036,production_context_holdout,v7,semi_hard,general_shelf_life,ebm,production_ebm_v7,5040.0,1080.0,1080.0,context_id-grouped 70/15/15,context_id,1,0.9828980204386184,0.8999355526927469,0.9086142274938056,6.3576518539151365,15.494626069755025,14.300618497259476,9.13247356777328,artifacts_v7\semi_hard\general_shelf_life\metrics.json,verified_from_result_file,,,,,,,,,,,,
EXP-0037,production_context_holdout,v7,semi_hard,safety_endpoint,random_forest,production_random_forest_v7,2800.0,600.0,600.0,context_id-grouped 70/15/15,context_id,1,0.9968125471591797,0.01477599674054908,0.3419931381224255,1.1328843177100913,18.25748720615074,15.759128399949933,12.930377755817089,artifacts_v7\semi_hard\safety_endpoint\metrics.json,verified_from_result_file,,,,,,,,,,,,
EXP-0038,production_context_holdout,v7,semi_hard,safety_endpoint,lightgbm,production_lightgbm_v7,2800.0,600.0,600.0,context_id-grouped 70/15/15,context_id,1,0.44923262179319856,0.08901601892419353,0.3034039408723076,14.891820254089602,17.55613384133637,16.21464666361575,13.60465769897303,artifacts_v7\semi_hard\safety_endpoint\metrics.json,verified_from_result_file,,,,,,,,,,,,
EXP-0039,production_context_holdout,v7,semi_hard,safety_endpoint,xgboost,production_xgboost_v7,2800.0,600.0,600.0,context_id-grouped 70/15/15,context_id,1,0.46822593861422834,0.11523251869028406,0.3172560542663796,14.632793905293195,17.30167257769656,16.052619499039874,13.258686900583903,artifacts_v7\semi_hard\safety_endpoint\metrics.json,verified_from_result_file,,,,,,,,,,,,
EXP-0040,production_context_holdout,v7,semi_hard,safety_endpoint,ebm,production_ebm_v7,2800.0,600.0,600.0,context_id-grouped 70/15/15,context_id,1,0.9364957376045314,-0.280468862108439,-0.1274975775959717,5.056675899261542,20.81411855348614,20.62883924171929,17.169154290368365,artifacts_v7\semi_hard\safety_endpoint\metrics.json,verified_from_result_file,,,,,,,,,,,,
EXP-0041,production_context_holdout,v7,hard,general_shelf_life,random_forest,production_random_forest_v7,4200.0,900.0,900.0,context_id-grouped 70/15/15,context_id,1,0.9935216341297459,0.9096787203886928,0.927382621083424,3.606217049128525,12.67725728983252,11.6818252548513,7.8161095937147005,artifacts_v7\hard\general_shelf_life\metrics.json,verified_from_result_file,,,,,,,,,,,,
EXP-0042,production_context_holdout,v7,hard,general_shelf_life,lightgbm,production_lightgbm_v7,4200.0,900.0,900.0,context_id-grouped 70/15/15,context_id,1,0.9912519888823718,0.9155869395229544,0.9320560005521461,4.190576658949233,12.25561436152152,11.299675574510065,6.929057625370531,artifacts_v7\hard\general_shelf_life\metrics.json,verified_from_result_file,,,,,,,,,,,,
EXP-0043,production_context_holdout,v7,hard,general_shelf_life,xgboost,production_xgboost_v7,4200.0,900.0,900.0,context_id-grouped 70/15/15,context_id,1,0.9947944083236271,0.9114415327409292,0.9325840179305525,3.232616431899163,12.552935848259377,11.255683005660828,6.958829867468939,artifacts_v7\hard\general_shelf_life\metrics.json,verified_from_result_file,,,,,,,,,,,,
EXP-0044,production_context_holdout,v7,hard,general_shelf_life,ebm,production_ebm_v7,4200.0,900.0,900.0,context_id-grouped 70/15/15,context_id,1,0.9765166012193319,0.8804804477082726,0.9172354536415288,6.865933663355504,14.583096261645371,12.471324808687148,8.313070115222452,artifacts_v7\hard\general_shelf_life\metrics.json,verified_from_result_file,,,,,,,,,,,,
EXP-0045,production_context_holdout,v7,hard,safety_endpoint,random_forest,production_random_forest_v7,2240.0,480.0,480.0,context_id-grouped 70/15/15,context_id,1,0.9964965553334832,-0.13095474426509401,-0.09725587386448153,1.2461876516964443,21.217975466007285,21.857612338238734,18.275027152009304,artifacts_v7\hard\safety_endpoint\metrics.json,verified_from_result_file,,,,,,,,,,,,
EXP-0046,production_context_holdout,v7,hard,safety_endpoint,lightgbm,production_lightgbm_v7,2240.0,480.0,480.0,context_id-grouped 70/15/15,context_id,1,0.036304906586590024,-0.0028397489629419237,-0.024462249227065636,20.66834185450022,19.980074317145956,21.120137521008335,17.90449259748324,artifacts_v7\hard\safety_endpoint\metrics.json,verified_from_result_file,,,,,,,,,,,,
EXP-0047,production_context_holdout,v7,hard,safety_endpoint,xgboost,production_xgboost_v7,2240.0,480.0,480.0,context_id-grouped 70/15/15,context_id,1,0.04589524623691599,0.00768200628859006,-0.011185701915637614,20.56524283844922,19.874982858999058,20.982837727353164,17.797133639017737,artifacts_v7\hard\safety_endpoint\metrics.json,verified_from_result_file,,,,,,,,,,,,
EXP-0048,production_context_holdout,v7,hard,safety_endpoint,ebm,production_ebm_v7,2240.0,480.0,480.0,context_id-grouped 70/15/15,context_id,1,0.9528418018776768,-0.7305960077812426,-0.5278846565247632,4.572086240200114,26.246970207706145,25.792536080873635,20.996399837507926,artifacts_v7\hard\safety_endpoint\metrics.json,verified_from_result_file,,,,,,,,,,,,
EXP-0049,overfitting_diagnosis_reduced_complexity,v7,soft,general_shelf_life,ridge_regression,ridge_regression_per_category_specialist_valusedTrue,6160.0,1320.0,1320.0,"context_id-grouped, granularity=per_category_specialist, validation_split_used=True",context_id,1,0.9270358040379258,0.924274557951764,0.9095504416119964,6.864320918192976,,8.609533667008131,5.188769843813715,scripts\experiments\overfitting_diagnosis\experiment_1_4_results.csv,verified_from_result_file,,,,,,,,,,,,
EXP-0050,overfitting_diagnosis_reduced_complexity,v7,soft,general_shelf_life,ridge_regression,ridge_regression_per_category_specialist_valusedFalse,7480.0,1320.0,1320.0,"context_id-grouped, granularity=per_category_specialist, validation_split_used=False",context_id,1,0.927068848619818,0.9295465618150796,0.910913798469868,6.91980190935791,,8.544401039120688,5.158679305729663,scripts\experiments\overfitting_diagnosis\experiment_1_4_results.csv,verified_from_result_file,,,,,,,,,,,,
EXP-0051,overfitting_diagnosis_reduced_complexity,v7,soft,general_shelf_life,shallow_decision_tree,shallow_decision_tree_per_category_specialist_valusedTrue,6160.0,1320.0,1320.0,"context_id-grouped, granularity=per_category_specialist, validation_split_used=True",context_id,1,0.9208921015286492,0.9102356610707654,0.9258245819519428,7.147474300752575,,7.796620663365092,4.887166168045812,scripts\experiments\overfitting_diagnosis\experiment_1_4_results.csv,verified_from_result_file,,,,,,,,,,,,
EXP-0052,overfitting_diagnosis_reduced_complexity,v7,soft,general_shelf_life,shallow_decision_tree,shallow_decision_tree_per_category_specialist_valusedFalse,7480.0,1320.0,1320.0,"context_id-grouped, granularity=per_category_specialist, validation_split_used=False",context_id,1,0.9190846869817946,0.9111392312927068,0.9239330628493748,7.288740469245129,,7.895404195453798,4.939805763588414,scripts\experiments\overfitting_diagnosis\experiment_1_4_results.csv,verified_from_result_file,,,,,,,,,,,,
EXP-0053,overfitting_diagnosis_reduced_complexity,v7,soft,general_shelf_life,shallow_random_forest,shallow_random_forest_per_category_specialist_valusedTrue,6160.0,1320.0,1320.0,"context_id-grouped, granularity=per_category_specialist, validation_split_used=True",context_id,1,0.95339922960912,0.9344395228856048,0.9344158499277312,5.485790612200824,,7.331213219556174,4.268409565511,scripts\experiments\overfitting_diagnosis\experiment_1_4_results.csv,verified_from_result_file,,,,,,,,,,,,
EXP-0054,overfitting_diagnosis_reduced_complexity,v7,soft,general_shelf_life,shallow_random_forest,shallow_random_forest_per_category_specialist_valusedFalse,7480.0,1320.0,1320.0,"context_id-grouped, granularity=per_category_specialist, validation_split_used=False",context_id,1,0.9520812195450444,0.9552158854718864,0.9411652370868168,5.609058965747246,,6.943739300852688,4.139691515986002,scripts\experiments\overfitting_diagnosis\experiment_1_4_results.csv,verified_from_result_file,,,,,,,,,,,,
EXP-0055,overfitting_diagnosis_reduced_complexity,v7,soft,general_shelf_life,small_mlp,small_mlp_per_category_specialist_valusedTrue,6160.0,1320.0,1320.0,"context_id-grouped, granularity=per_category_specialist, validation_split_used=True",context_id,1,0.9839326483072,0.9792295507277212,0.9717713850917776,3.221178774523841,,4.809735431355138,2.6125554387265835,scripts\experiments\overfitting_diagnosis\experiment_1_4_results.csv,verified_from_result_file,,,,,,,,,,,,
EXP-0056,overfitting_diagnosis_reduced_complexity,v7,soft,general_shelf_life,small_mlp,small_mlp_per_category_specialist_valusedFalse,7480.0,1320.0,1320.0,"context_id-grouped, granularity=per_category_specialist, validation_split_used=False",context_id,1,0.9829599570223624,0.9849855952452996,0.9724586910824554,3.34481783436558,,4.750821262572085,2.5280554947366607,scripts\experiments\overfitting_diagnosis\experiment_1_4_results.csv,verified_from_result_file,,,,,,,,,,,,
EXP-0057,overfitting_diagnosis_reduced_complexity,v7,soft,safety_endpoint,ridge_regression,ridge_regression_per_category_specialist_valusedTrue,3360.0,720.0,720.0,"context_id-grouped, granularity=per_category_specialist, validation_split_used=True",context_id,1,0.6031413961790189,0.6008573475768312,0.5715037046078398,10.273733966879767,,10.625831941728167,8.257008249034598,scripts\experiments\overfitting_diagnosis\experiment_1_4_results.csv,verified_from_result_file,,,,,,,,,,,,
EXP-0058,overfitting_diagnosis_reduced_complexity,v7,soft,safety_endpoint,ridge_regression,ridge_regression_per_category_specialist_valusedFalse,4080.0,720.0,720.0,"context_id-grouped, granularity=per_category_specialist, validation_split_used=False",context_id,1,0.6055243616660951,0.6284969857545166,0.5649730135779882,10.2472554758257,,10.706499632764611,8.325170025277144,scripts\experiments\overfitting_diagnosis\experiment_1_4_results.csv,verified_from_result_file,,,,,,,,,,,,
EXP-0059,overfitting_diagnosis_reduced_complexity,v7,soft,safety_endpoint,shallow_decision_tree,shallow_decision_tree_per_category_specialist_valusedTrue,3360.0,720.0,720.0,"context_id-grouped, granularity=per_category_specialist, validation_split_used=True",context_id,1,0.6254768470482426,0.5355329219510665,0.5413435383186052,9.980441446251591,,10.993428729614577,8.419612641696899,scripts\experiments\overfitting_diagnosis\experiment_1_4_results.csv,verified_from_result_file,,,,,,,,,,,,
EXP-0060,overfitting_diagnosis_reduced_complexity,v7,soft,safety_endpoint,shallow_decision_tree,shallow_decision_tree_per_category_specialist_valusedFalse,4080.0,720.0,720.0,"context_id-grouped, granularity=per_category_specialist, validation_split_used=False",context_id,1,0.6265442873247402,0.6316875406500115,0.5519614815005511,9.970501968287936,,10.865434130109312,8.248564399188696,scripts\experiments\overfitting_diagnosis\experiment_1_4_results.csv,verified_from_result_file,,,,,,,,,,,,
EXP-0061,overfitting_diagnosis_reduced_complexity,v7,soft,safety_endpoint,shallow_random_forest,shallow_random_forest_per_category_specialist_valusedTrue,3360.0,720.0,720.0,"context_id-grouped, granularity=per_category_specialist, validation_split_used=True",context_id,1,0.6738677045747192,0.6001731720163224,0.5874675441332328,9.31337991456805,,10.426017946750594,7.905870719631424,scripts\experiments\overfitting_diagnosis\experiment_1_4_results.csv,verified_from_result_file,,,,,,,,,,,,
EXP-0062,overfitting_diagnosis_reduced_complexity,v7,soft,safety_endpoint,shallow_random_forest,shallow_random_forest_per_category_specialist_valusedFalse,4080.0,720.0,720.0,"context_id-grouped, granularity=per_category_specialist, validation_split_used=False",context_id,1,0.6741913550068312,0.6766349112701417,0.5940636429099102,9.31276774060054,,10.342329787034812,7.925870571236056,scripts\experiments\overfitting_diagnosis\experiment_1_4_results.csv,verified_from_result_file,,,,,,,,,,,,
EXP-0063,overfitting_diagnosis_reduced_complexity,v7,soft,safety_endpoint,small_mlp,small_mlp_per_category_specialist_valusedTrue,3360.0,720.0,720.0,"context_id-grouped, granularity=per_category_specialist, validation_split_used=True",context_id,1,0.773708877621757,0.4349189673326571,0.4826963036165854,7.7578999402389,,11.675142711502032,8.921594583601474,scripts\experiments\overfitting_diagnosis\experiment_1_4_results.csv,verified_from_result_file,,,,,,,,,,,,
EXP-0064,overfitting_diagnosis_reduced_complexity,v7,soft,safety_endpoint,small_mlp,small_mlp_per_category_specialist_valusedFalse,4080.0,720.0,720.0,"context_id-grouped, granularity=per_category_specialist, validation_split_used=False",context_id,1,0.7574653797102044,0.7417365772576219,0.4542769890089222,8.034971489192522,,11.99155601254764,9.02460889701855,scripts\experiments\overfitting_diagnosis\experiment_1_4_results.csv,verified_from_result_file,,,,,,,,,,,,
EXP-0065,overfitting_diagnosis_reduced_complexity,v7,semi_hard,general_shelf_life,ridge_regression,ridge_regression_per_category_specialist_valusedTrue,5040.0,1080.0,1080.0,"context_id-grouped, granularity=per_category_specialist, validation_split_used=True",context_id,1,0.9018228796226896,0.8873337234767978,0.8664811191144388,15.232763363767836,,17.28569592743259,10.14315594017426,scripts\experiments\overfitting_diagnosis\experiment_1_4_results.csv,verified_from_result_file,,,,,,,,,,,,
EXP-0066,overfitting_diagnosis_reduced_complexity,v7,semi_hard,general_shelf_life,ridge_regression,ridge_regression_per_category_specialist_valusedFalse,6120.0,1080.0,1080.0,"context_id-grouped, granularity=per_category_specialist, validation_split_used=False",context_id,1,0.8998560254439678,0.8934782019719889,0.867945498733236,15.405478460830686,,17.19064341874347,10.129373373500323,scripts\experiments\overfitting_diagnosis\experiment_1_4_results.csv,verified_from_result_file,,,,,,,,,,,,
EXP-0067,overfitting_diagnosis_reduced_complexity,v7,semi_hard,general_shelf_life,shallow_decision_tree,shallow_decision_tree_per_category_specialist_valusedTrue,5040.0,1080.0,1080.0,"context_id-grouped, granularity=per_category_specialist, validation_split_used=True",context_id,1,0.9024688181307898,0.8861819281180608,0.8160533343931187,15.182570070022685,,20.289039477621948,15.384905809188483,scripts\experiments\overfitting_diagnosis\experiment_1_4_results.csv,verified_from_result_file,,,,,,,,,,,,
EXP-0068,overfitting_diagnosis_reduced_complexity,v7,semi_hard,general_shelf_life,shallow_decision_tree,shallow_decision_tree_per_category_specialist_valusedFalse,6120.0,1080.0,1080.0,"context_id-grouped, granularity=per_category_specialist, validation_split_used=False",context_id,1,0.9004584063354424,0.8952498255487896,0.8216035938183622,15.359075453995093,,19.980602406770643,15.21356217109995,scripts\experiments\overfitting_diagnosis\experiment_1_4_results.csv,verified_from_result_file,,,,,,,,,,,,
EXP-0069,overfitting_diagnosis_reduced_complexity,v7,semi_hard,general_shelf_life,shallow_random_forest,shallow_random_forest_per_category_specialist_valusedTrue,5040.0,1080.0,1080.0,"context_id-grouped, granularity=per_category_specialist, validation_split_used=True",context_id,1,0.9312275263884938,0.9036574479591624,0.8640953452884945,12.749139504912293,,17.43944634025329,12.73137391761872,scripts\experiments\overfitting_diagnosis\experiment_1_4_results.csv,verified_from_result_file,,,,,,,,,,,,
EXP-0070,overfitting_diagnosis_reduced_complexity,v7,semi_hard,general_shelf_life,shallow_random_forest,shallow_random_forest_per_category_specialist_valusedFalse,6120.0,1080.0,1080.0,"context_id-grouped, granularity=per_category_specialist, validation_split_used=False",context_id,1,0.9271845400543526,0.9229274135968348,0.864187647725362,13.136345965771818,,17.433523155330477,12.747231090890876,scripts\experiments\overfitting_diagnosis\experiment_1_4_results.csv,verified_from_result_file,,,,,,,,,,,,
EXP-0071,overfitting_diagnosis_reduced_complexity,v7,semi_hard,general_shelf_life,small_mlp,small_mlp_per_category_specialist_valusedTrue,5040.0,1080.0,1080.0,"context_id-grouped, granularity=per_category_specialist, validation_split_used=True",context_id,1,0.9613710297104838,0.9284479385961052,0.9328893908683824,9.554987350264891,,12.25493797804411,7.870732141792996,scripts\experiments\overfitting_diagnosis\experiment_1_4_results.csv,verified_from_result_file,,,,,,,,,,,,
EXP-0072,overfitting_diagnosis_reduced_complexity,v7,semi_hard,general_shelf_life,small_mlp,small_mlp_per_category_specialist_valusedFalse,6120.0,1080.0,1080.0,"context_id-grouped, granularity=per_category_specialist, validation_split_used=False",context_id,1,0.9578565815047776,0.9529742374846362,0.9344580970463872,9.9937310960775,,12.11086186305809,7.897825050147212,scripts\experiments\overfitting_diagnosis\experiment_1_4_results.csv,verified_from_result_file,,,,,,,,,,,,
EXP-0073,overfitting_diagnosis_reduced_complexity,v7,semi_hard,safety_endpoint,ridge_regression,ridge_regression_per_category_specialist_valusedTrue,2800.0,600.0,600.0,"context_id-grouped, granularity=per_category_specialist, validation_split_used=True",context_id,1,0.2764387148385776,0.046816377898403,0.3446539023670817,17.068735231835955,,15.72723374742946,12.841527153356395,scripts\experiments\overfitting_diagnosis\experiment_1_4_results.csv,verified_from_result_file,,,,,,,,,,,,
EXP-0074,overfitting_diagnosis_reduced_complexity,v7,semi_hard,safety_endpoint,ridge_regression,ridge_regression_per_category_specialist_valusedFalse,3400.0,600.0,600.0,"context_id-grouped, granularity=per_category_specialist, validation_split_used=False",context_id,1,0.2516046675759104,0.1623282236754842,0.3668241722088352,17.118324130628977,,15.458919872875548,12.72327191603913,scripts\experiments\overfitting_diagnosis\experiment_1_4_results.csv,verified_from_result_file,,,,,,,,,,,,
EXP-0075,overfitting_diagnosis_reduced_complexity,v7,semi_hard,safety_endpoint,shallow_decision_tree,shallow_decision_tree_per_category_specialist_valusedTrue,2800.0,600.0,600.0,"context_id-grouped, granularity=per_category_specialist, validation_split_used=True",context_id,1,0.2968975172310014,0.0189206170915031,0.4016231209400949,16.825694401949452,,15.028110678296922,12.256592979346582,scripts\experiments\overfitting_diagnosis\experiment_1_4_results.csv,verified_from_result_file,,,,,,,,,,,,
EXP-0076,overfitting_diagnosis_reduced_complexity,v7,semi_hard,safety_endpoint,shallow_decision_tree,shallow_decision_tree_per_category_specialist_valusedFalse,3400.0,600.0,600.0,"context_id-grouped, granularity=per_category_specialist, validation_split_used=False",context_id,1,0.2626783554870114,0.1958865680425846,0.3079468610702897,16.991205863199838,,16.16168746556952,13.250468764703095,scripts\experiments\overfitting_diagnosis\experiment_1_4_results.csv,verified_from_result_file,,,,,,,,,,,,
EXP-0077,overfitting_diagnosis_reduced_complexity,v7,semi_hard,safety_endpoint,shallow_random_forest,shallow_random_forest_per_category_specialist_valusedTrue,2800.0,600.0,600.0,"context_id-grouped, granularity=per_category_specialist, validation_split_used=True",context_id,1,0.3678604822072998,0.1057707297638838,0.3733507823920425,15.954020707164377,,15.37904025159448,12.566432981933566,scripts\experiments\overfitting_diagnosis\experiment_1_4_results.csv,verified_from_result_file,,,,,,,,,,,,
EXP-0078,overfitting_diagnosis_reduced_complexity,v7,semi_hard,safety_endpoint,shallow_random_forest,shallow_random_forest_per_category_specialist_valusedFalse,3400.0,600.0,600.0,"context_id-grouped, granularity=per_category_specialist, validation_split_used=False",context_id,1,0.3187232483270831,0.2387231562899111,0.3616740110126923,16.33268156388158,,15.521662862054772,12.730533150205869,scripts\experiments\overfitting_diagnosis\experiment_1_4_results.csv,verified_from_result_file,,,,,,,,,,,,
EXP-0079,overfitting_diagnosis_reduced_complexity,v7,semi_hard,safety_endpoint,small_mlp,small_mlp_per_category_specialist_valusedTrue,2800.0,600.0,600.0,"context_id-grouped, granularity=per_category_specialist, validation_split_used=True",context_id,1,0.3247209326400018,0.0645691779010395,0.3014282683888074,16.489417900621547,,16.23762421913921,13.178312504563204,scripts\experiments\overfitting_diagnosis\experiment_1_4_results.csv,verified_from_result_file,,,,,,,,,,,,
EXP-0080,overfitting_diagnosis_reduced_complexity,v7,semi_hard,safety_endpoint,small_mlp,small_mlp_per_category_specialist_valusedFalse,3400.0,600.0,600.0,"context_id-grouped, granularity=per_category_specialist, validation_split_used=False",context_id,1,0.49300161388768,0.4222245218573365,0.2628308653294861,14.089610865116688,,16.680173137076768,13.851580720466936,scripts\experiments\overfitting_diagnosis\experiment_1_4_results.csv,verified_from_result_file,,,,,,,,,,,,
EXP-0081,overfitting_diagnosis_reduced_complexity,v7,hard,general_shelf_life,ridge_regression,ridge_regression_per_category_specialist_valusedTrue,4200.0,900.0,900.0,"context_id-grouped, granularity=per_category_specialist, validation_split_used=True",context_id,1,0.9157863336829606,0.8991006091702749,0.9286825628609549,13.002007556915194,,11.576793451077233,7.778283943928559,scripts\experiments\overfitting_diagnosis\experiment_1_4_results.csv,verified_from_result_file,,,,,,,,,,,,
EXP-0082,overfitting_diagnosis_reduced_complexity,v7,hard,general_shelf_life,ridge_regression,ridge_regression_per_category_specialist_valusedFalse,5100.0,900.0,900.0,"context_id-grouped, granularity=per_category_specialist, validation_split_used=False",context_id,1,0.9138254551110536,0.9058399078687276,0.929742660902267,13.031456230353598,,11.4904296880644,7.785767855438895,scripts\experiments\overfitting_diagnosis\experiment_1_4_results.csv,verified_from_result_file,,,,,,,,,,,,
EXP-0083,overfitting_diagnosis_reduced_complexity,v7,hard,general_shelf_life,shallow_decision_tree,shallow_decision_tree_per_category_specialist_valusedTrue,4200.0,900.0,900.0,"context_id-grouped, granularity=per_category_specialist, validation_split_used=True",context_id,1,0.8875885425187506,0.8070936443130922,0.8606237426339385,15.021884411638553,,16.183960881083568,11.85172677348882,scripts\experiments\overfitting_diagnosis\experiment_1_4_results.csv,verified_from_result_file,,,,,,,,,,,,
EXP-0084,overfitting_diagnosis_reduced_complexity,v7,hard,general_shelf_life,shallow_decision_tree,shallow_decision_tree_per_category_specialist_valusedFalse,5100.0,900.0,900.0,"context_id-grouped, granularity=per_category_specialist, validation_split_used=False",context_id,1,0.8819899199668831,0.8586381495892625,0.8754484651183833,15.249759791378391,,15.2990675704729,11.430919029453136,scripts\experiments\overfitting_diagnosis\experiment_1_4_results.csv,verified_from_result_file,,,,,,,,,,,,
EXP-0085,overfitting_diagnosis_reduced_complexity,v7,hard,general_shelf_life,shallow_random_forest,shallow_random_forest_per_category_specialist_valusedTrue,4200.0,900.0,900.0,"context_id-grouped, granularity=per_category_specialist, validation_split_used=True",context_id,1,0.920656583867552,0.8732432628632283,0.9000221485254987,12.620442256179878,,13.706997090850727,9.882715656372534,scripts\experiments\overfitting_diagnosis\experiment_1_4_results.csv,verified_from_result_file,,,,,,,,,,,,
EXP-0086,overfitting_diagnosis_reduced_complexity,v7,hard,general_shelf_life,shallow_random_forest,shallow_random_forest_per_category_specialist_valusedFalse,5100.0,900.0,900.0,"context_id-grouped, granularity=per_category_specialist, validation_split_used=False",context_id,1,0.916600655735902,0.8968720759171733,0.9032363766415932,12.81990386362872,,13.484861243705598,9.757281219583929,scripts\experiments\overfitting_diagnosis\experiment_1_4_results.csv,verified_from_result_file,,,,,,,,,,,,
EXP-0087,overfitting_diagnosis_reduced_complexity,v7,hard,general_shelf_life,small_mlp,small_mlp_per_category_specialist_valusedTrue,4200.0,900.0,900.0,"context_id-grouped, granularity=per_category_specialist, validation_split_used=True",context_id,1,0.950918900521213,0.9198445800193878,0.93914725492846,9.926045645491806,,10.693761843462244,7.06582986378716,scripts\experiments\overfitting_diagnosis\experiment_1_4_results.csv,verified_from_result_file,,,,,,,,,,,,
EXP-0088,overfitting_diagnosis_reduced_complexity,v7,hard,general_shelf_life,small_mlp,small_mlp_per_category_specialist_valusedFalse,5100.0,900.0,900.0,"context_id-grouped, granularity=per_category_specialist, validation_split_used=False",context_id,1,0.9483469055076336,0.9347547317944516,0.939301539309404,10.089081327291536,,10.680196904713428,7.1318180176987696,scripts\experiments\overfitting_diagnosis\experiment_1_4_results.csv,verified_from_result_file,,,,,,,,,,,,
EXP-0089,overfitting_diagnosis_reduced_complexity,v7,hard,safety_endpoint,ridge_regression,ridge_regression_per_category_specialist_valusedTrue,2240.0,480.0,480.0,"context_id-grouped, granularity=per_category_specialist, validation_split_used=True",context_id,1,0.0397572923851095,-0.0615562848741948,-0.0550618394698383,20.63128702691245,,21.433234698497024,18.115419562393303,scripts\experiments\overfitting_diagnosis\experiment_1_4_results.csv,verified_from_result_file,,,,,,,,,,,,
EXP-0090,overfitting_diagnosis_reduced_complexity,v7,hard,safety_endpoint,ridge_regression,ridge_regression_per_category_specialist_valusedFalse,2720.0,480.0,480.0,"context_id-grouped, granularity=per_category_specialist, validation_split_used=False",context_id,1,0.0327886727819044,0.0411176567019089,-0.048413524600309,20.51894590192025,,21.365598814398503,18.08269305850989,scripts\experiments\overfitting_diagnosis\experiment_1_4_results.csv,verified_from_result_file,,,,,,,,,,,,
EXP-0091,overfitting_diagnosis_reduced_complexity,v7,hard,safety_endpoint,shallow_decision_tree,shallow_decision_tree_per_category_specialist_valusedTrue,2240.0,480.0,480.0,"context_id-grouped, granularity=per_category_specialist, validation_split_used=True",context_id,1,0.1325325329211079,-0.1396158399372209,-0.2244968244974268,19.609314431391,,23.09019462416742,19.39241945283351,scripts\experiments\overfitting_diagnosis\experiment_1_4_results.csv,verified_from_result_file,,,,,,,,,,,,
EXP-0092,overfitting_diagnosis_reduced_complexity,v7,hard,safety_endpoint,shallow_decision_tree,shallow_decision_tree_per_category_specialist_valusedFalse,2720.0,480.0,480.0,"context_id-grouped, granularity=per_category_specialist, validation_split_used=False",context_id,1,0.1081362572460531,0.0957308633259184,-0.2118854384901065,19.703510689695747,,22.97098115596637,18.74043748493716,scripts\experiments\overfitting_diagnosis\experiment_1_4_results.csv,verified_from_result_file,,,,,,,,,,,,
EXP-0093,overfitting_diagnosis_reduced_complexity,v7,hard,safety_endpoint,shallow_random_forest,shallow_random_forest_per_category_specialist_valusedTrue,2240.0,480.0,480.0,"context_id-grouped, granularity=per_category_specialist, validation_split_used=True",context_id,1,0.2980355815918569,-0.0305997484605036,-0.0791299842448183,17.639788014792767,,21.676324398662004,18.15481339784544,scripts\experiments\overfitting_diagnosis\experiment_1_4_results.csv,verified_from_result_file,,,,,,,,,,,,
EXP-0094,overfitting_diagnosis_reduced_complexity,v7,hard,safety_endpoint,shallow_random_forest,shallow_random_forest_per_category_specialist_valusedFalse,2720.0,480.0,480.0,"context_id-grouped, granularity=per_category_specialist, validation_split_used=False",context_id,1,0.2718581240872804,0.2611528140724024,-0.0683717449170406,17.803375982311884,,21.568004170329463,17.968860936021397,scripts\experiments\overfitting_diagnosis\experiment_1_4_results.csv,verified_from_result_file,,,,,,,,,,,,
EXP-0095,overfitting_diagnosis_reduced_complexity,v7,hard,safety_endpoint,small_mlp,small_mlp_per_category_specialist_valusedTrue,2240.0,480.0,480.0,"context_id-grouped, granularity=per_category_specialist, validation_split_used=True",context_id,1,0.030785498631849,-0.0323029470445264,-0.0565678038157178,20.727444644320453,,21.44852582941584,18.168483650940097,scripts\experiments\overfitting_diagnosis\experiment_1_4_results.csv,verified_from_result_file,,,,,,,,,,,,
EXP-0096,overfitting_diagnosis_reduced_complexity,v7,hard,safety_endpoint,small_mlp,small_mlp_per_category_specialist_valusedFalse,2720.0,480.0,480.0,"context_id-grouped, granularity=per_category_specialist, validation_split_used=False",context_id,1,0.0273231170543776,0.0268212432970058,-0.0366297104131971,20.576838863579752,,21.24518845535737,17.982745834352794,scripts\experiments\overfitting_diagnosis\experiment_1_4_results.csv,verified_from_result_file,,,,,,,,,,,,
EXP-0097,overfitting_diagnosis_reduced_complexity,v7,ALL,general_shelf_life,ridge_regression,ridge_regression_aggregated_all_categories_valusedTrue,15400.0,3300.0,3300.0,"context_id-grouped, granularity=aggregated_all_categories, validation_split_used=True",context_id,1,0.9292999978972636,0.9215711424599968,0.9107642337487404,12.795563303242936,,14.602094068706965,8.836475412232723,scripts\experiments\overfitting_diagnosis\experiment_1_4_results.csv,verified_from_result_file,,,,,,,,,,,,
EXP-0098,overfitting_diagnosis_reduced_complexity,v7,ALL,general_shelf_life,ridge_regression,ridge_regression_aggregated_all_categories_valusedFalse,18700.0,3300.0,3300.0,"context_id-grouped, granularity=aggregated_all_categories, validation_split_used=False",context_id,1,0.9281938506639984,0.9247193552809014,0.9102004064787498,12.952719556804388,,14.648152365531562,8.873693632150696,scripts\experiments\overfitting_diagnosis\experiment_1_4_results.csv,verified_from_result_file,,,,,,,,,,,,
EXP-0099,overfitting_diagnosis_reduced_complexity,v7,ALL,general_shelf_life,shallow_decision_tree,shallow_decision_tree_aggregated_all_categories_valusedTrue,15400.0,3300.0,3300.0,"context_id-grouped, granularity=aggregated_all_categories, validation_split_used=True",context_id,1,0.8342447956075256,0.8226026189916,0.8419624961271123,19.59220349816976,,19.43236879533785,14.160000280598776,scripts\experiments\overfitting_diagnosis\experiment_1_4_results.csv,verified_from_result_file,,,,,,,,,,,,
EXP-0100,overfitting_diagnosis_reduced_complexity,v7,ALL,general_shelf_life,shallow_decision_tree,shallow_decision_tree_aggregated_all_categories_valusedFalse,18700.0,3300.0,3300.0,"context_id-grouped, granularity=aggregated_all_categories, validation_split_used=False",context_id,1,0.8305527873120031,0.8398211088891698,0.843389678117541,19.89744707853479,,19.3444263026106,13.818495280961612,scripts\experiments\overfitting_diagnosis\experiment_1_4_results.csv,verified_from_result_file,,,,,,,,,,,,
EXP-0101,overfitting_diagnosis_reduced_complexity,v7,ALL,general_shelf_life,shallow_random_forest,shallow_random_forest_aggregated_all_categories_valusedTrue,15400.0,3300.0,3300.0,"context_id-grouped, granularity=aggregated_all_categories, validation_split_used=True",context_id,1,0.879265274730013,0.8701920493837545,0.8831821482858331,16.72113662733309,,16.70706918053499,11.954600010302762,scripts\experiments\overfitting_diagnosis\experiment_1_4_results.csv,verified_from_result_file,,,,,,,,,,,,
EXP-0102,overfitting_diagnosis_reduced_complexity,v7,ALL,general_shelf_life,shallow_random_forest,shallow_random_forest_aggregated_all_categories_valusedFalse,18700.0,3300.0,3300.0,"context_id-grouped, granularity=aggregated_all_categories, validation_split_used=False",context_id,1,0.8789765592780421,0.8835043658500985,0.8845881699122674,16.81569770798797,,16.60622152818814,11.841819183656655,scripts\experiments\overfitting_diagnosis\experiment_1_4_results.csv,verified_from_result_file,,,,,,,,,,,,
EXP-0103,overfitting_diagnosis_reduced_complexity,v7,ALL,general_shelf_life,small_mlp,small_mlp_aggregated_all_categories_valusedTrue,15400.0,3300.0,3300.0,"context_id-grouped, granularity=aggregated_all_categories, validation_split_used=True",context_id,1,0.9712672130565853,0.9597949680873278,0.9590421655787006,8.157152331199027,,9.89268444554147,5.772132691393004,scripts\experiments\overfitting_diagnosis\experiment_1_4_results.csv,verified_from_result_file,,,,,,,,,,,,
EXP-0104,overfitting_diagnosis_reduced_complexity,v7,ALL,general_shelf_life,small_mlp,small_mlp_aggregated_all_categories_valusedFalse,18700.0,3300.0,3300.0,"context_id-grouped, granularity=aggregated_all_categories, validation_split_used=False",context_id,1,0.9709455783546524,0.9683827769357533,0.961285169076599,8.239223067284543,,9.617990566331352,5.711914127059829,scripts\experiments\overfitting_diagnosis\experiment_1_4_results.csv,verified_from_result_file,,,,,,,,,,,,
EXP-0105,overfitting_diagnosis_reduced_complexity,v7,ALL,safety_endpoint,ridge_regression,ridge_regression_aggregated_all_categories_valusedTrue,8400.0,1800.0,1800.0,"context_id-grouped, granularity=aggregated_all_categories, validation_split_used=True",context_id,1,0.6798529828471391,0.6312533533841058,0.6310144219010112,16.01058101021832,,16.319759264840048,13.262230987648357,scripts\experiments\overfitting_diagnosis\experiment_1_4_results.csv,verified_from_result_file,,,,,,,,,,,,
EXP-0106,overfitting_diagnosis_reduced_complexity,v7,ALL,safety_endpoint,ridge_regression,ridge_regression_aggregated_all_categories_valusedFalse,10200.0,1800.0,1800.0,"context_id-grouped, granularity=aggregated_all_categories, validation_split_used=False",context_id,1,0.6740400816828802,0.6536582039394883,0.635022170606312,16.007697271692283,,16.230888493144953,13.145289609985143,scripts\experiments\overfitting_diagnosis\experiment_1_4_results.csv,verified_from_result_file,,,,,,,,,,,,
EXP-0107,overfitting_diagnosis_reduced_complexity,v7,ALL,safety_endpoint,shallow_decision_tree,shallow_decision_tree_aggregated_all_categories_valusedTrue,8400.0,1800.0,1800.0,"context_id-grouped, granularity=aggregated_all_categories, validation_split_used=True",context_id,1,0.6843767581134685,0.6356290197893532,0.6374672381823719,15.897061363485822,,16.17642996820208,12.917171260476898,scripts\experiments\overfitting_diagnosis\experiment_1_4_results.csv,verified_from_result_file,,,,,,,,,,,,
EXP-0108,overfitting_diagnosis_reduced_complexity,v7,ALL,safety_endpoint,shallow_decision_tree,shallow_decision_tree_aggregated_all_categories_valusedFalse,10200.0,1800.0,1800.0,"context_id-grouped, granularity=aggregated_all_categories, validation_split_used=False",context_id,1,0.6792352775044752,0.6523843503138618,0.6311286714150376,15.879618402165129,,16.317232514437197,12.977959567026495,scripts\experiments\overfitting_diagnosis\experiment_1_4_results.csv,verified_from_result_file,,,,,,,,,,,,
EXP-0109,overfitting_diagnosis_reduced_complexity,v7,ALL,safety_endpoint,shallow_random_forest,shallow_random_forest_aggregated_all_categories_valusedTrue,8400.0,1800.0,1800.0,"context_id-grouped, granularity=aggregated_all_categories, validation_split_used=True",context_id,1,0.708781555828615,0.6261871999636208,0.6384508557883408,15.270097186829965,,16.154470258198433,12.885718255258148,scripts\experiments\overfitting_diagnosis\experiment_1_4_results.csv,verified_from_result_file,,,,,,,,,,,,
EXP-0110,overfitting_diagnosis_reduced_complexity,v7,ALL,safety_endpoint,shallow_random_forest,shallow_random_forest_aggregated_all_categories_valusedFalse,10200.0,1800.0,1800.0,"context_id-grouped, granularity=aggregated_all_categories, validation_split_used=False",context_id,1,0.6991317135717056,0.6723723277007951,0.6422792193207274,15.379243341265807,,16.068714594549352,12.789088260224188,scripts\experiments\overfitting_diagnosis\experiment_1_4_results.csv,verified_from_result_file,,,,,,,,,,,,
EXP-0111,overfitting_diagnosis_reduced_complexity,v7,ALL,safety_endpoint,small_mlp,small_mlp_aggregated_all_categories_valusedTrue,8400.0,1800.0,1800.0,"context_id-grouped, granularity=aggregated_all_categories, validation_split_used=True",context_id,1,0.6832221962200049,0.6299522779969113,0.6307251836335568,15.926110851019033,,16.326154330809313,13.20170739605582,scripts\experiments\overfitting_diagnosis\experiment_1_4_results.csv,verified_from_result_file,,,,,,,,,,,,
EXP-0112,overfitting_diagnosis_reduced_complexity,v7,ALL,safety_endpoint,small_mlp,small_mlp_aggregated_all_categories_valusedFalse,10200.0,1800.0,1800.0,"context_id-grouped, granularity=aggregated_all_categories, validation_split_used=False",context_id,1,0.7175868636030234,0.6995858446273227,0.6065593256416355,14.900100901937822,,16.851892498913895,13.205665962178582,scripts\experiments\overfitting_diagnosis\experiment_1_4_results.csv,verified_from_result_file,,,,,,,,,,,,
EXP-0113,overfitting_diagnosis_kfold_cv,v7,ALL,general_shelf_life,ridge_regression,ridge_regression_k5_aggregated_all_categories,,,,"GroupKFold(context_id), K=5",context_id,5,,,,,,,,scripts\experiments\overfitting_diagnosis\experiment_2_cv_results.csv,verified_from_result_file,0.9233870432325446,0.0054580955797443,13.394019140897578,0.640791277801507,,,,,,,,
EXP-0114,overfitting_diagnosis_kfold_cv,v7,ALL,general_shelf_life,lightgbm_production_hparams,lightgbm_production_hparams_k5_aggregated_all_categories,,,,"GroupKFold(context_id), K=5",context_id,5,,,,,,,,scripts\experiments\overfitting_diagnosis\experiment_2_cv_results.csv,verified_from_result_file,0.9639234617834418,0.0026520359310909,9.183504690138683,0.2780680030982326,,,,,,,,
EXP-0115,overfitting_diagnosis_kfold_cv,v7,ALL,general_shelf_life,ridge_regression,ridge_regression_k10_aggregated_all_categories,,,,"GroupKFold(context_id), K=10",context_id,10,,,,,,,,scripts\experiments\overfitting_diagnosis\experiment_2_cv_results.csv,verified_from_result_file,0.9233330409188976,0.0084834600063948,13.375936499276268,0.8851074270360481,,,,,,,,
EXP-0116,overfitting_diagnosis_kfold_cv,v7,ALL,general_shelf_life,lightgbm_production_hparams,lightgbm_production_hparams_k10_aggregated_all_categories,,,,"GroupKFold(context_id), K=10",context_id,10,,,,,,,,scripts\experiments\overfitting_diagnosis\experiment_2_cv_results.csv,verified_from_result_file,0.9646786308543148,0.0038421757198519,9.07293201495855,0.5272549338010021,,,,,,,,
EXP-0117,overfitting_diagnosis_kfold_cv,v7,ALL,safety_endpoint,ridge_regression,ridge_regression_k5_aggregated_all_categories,,,,"GroupKFold(context_id), K=5",context_id,5,,,,,,,,scripts\experiments\overfitting_diagnosis\experiment_2_cv_results.csv,verified_from_result_file,0.6526004960077223,0.0148739428612024,16.41255899183105,0.3225646394575963,,,,,,,,
EXP-0118,overfitting_diagnosis_kfold_cv,v7,ALL,safety_endpoint,lightgbm_production_hparams,lightgbm_production_hparams_k5_aggregated_all_categories,,,,"GroupKFold(context_id), K=5",context_id,5,,,,,,,,scripts\experiments\overfitting_diagnosis\experiment_2_cv_results.csv,verified_from_result_file,0.6384818129009159,0.0187435199527799,16.739999370776495,0.3683752698662401,,,,,,,,
EXP-0119,overfitting_diagnosis_kfold_cv,v7,ALL,safety_endpoint,ridge_regression,ridge_regression_k10_aggregated_all_categories,,,,"GroupKFold(context_id), K=10",context_id,10,,,,,,,,scripts\experiments\overfitting_diagnosis\experiment_2_cv_results.csv,verified_from_result_file,0.6534988424919865,0.0283802053579833,16.360265576303757,0.504773577466824,,,,,,,,
EXP-0120,overfitting_diagnosis_kfold_cv,v7,ALL,safety_endpoint,lightgbm_production_hparams,lightgbm_production_hparams_k10_aggregated_all_categories,,,,"GroupKFold(context_id), K=10",context_id,10,,,,,,,,scripts\experiments\overfitting_diagnosis\experiment_2_cv_results.csv,verified_from_result_file,0.6370941384198613,0.0328505174734623,16.738903462612587,0.5825689092397682,,,,,,,,
EXP-0121,overfitting_diagnosis_kfold_cv,v7,soft,general_shelf_life,ridge_regression,ridge_regression_k5_per_category_specialist,,,,"GroupKFold(context_id), K=5",context_id,5,,,,,,,,scripts\experiments\overfitting_diagnosis\experiment_2_cv_results.csv,verified_from_result_file,0.9209474664878564,0.0034630640891848,7.33025822510191,0.4372985907139961,,,,,,,,
EXP-0122,overfitting_diagnosis_kfold_cv,v7,soft,general_shelf_life,lightgbm_production_hparams,lightgbm_production_hparams_k5_per_category_specialist,,,,"GroupKFold(context_id), K=5",context_id,5,,,,,,,,scripts\experiments\overfitting_diagnosis\experiment_2_cv_results.csv,verified_from_result_file,0.9715081427073152,0.0021584453624069,4.393118577020289,0.1971088873160136,,,,,,,,
EXP-0123,overfitting_diagnosis_kfold_cv,v7,soft,general_shelf_life,ridge_regression,ridge_regression_k10_per_category_specialist,,,,"GroupKFold(context_id), K=10",context_id,10,,,,,,,,scripts\experiments\overfitting_diagnosis\experiment_2_cv_results.csv,verified_from_result_file,0.9205525605601832,0.0049886188524884,7.315432142115091,0.5385056673742461,,,,,,,,
EXP-0124,overfitting_diagnosis_kfold_cv,v7,soft,general_shelf_life,lightgbm_production_hparams,lightgbm_production_hparams_k10_per_category_specialist,,,,"GroupKFold(context_id), K=10",context_id,10,,,,,,,,scripts\experiments\overfitting_diagnosis\experiment_2_cv_results.csv,verified_from_result_file,0.9739311335207372,0.0049899257872342,4.155801698014528,0.2789068325393575,,,,,,,,
EXP-0125,overfitting_diagnosis_model_zoo,v7,soft,general_shelf_life,lasso,lasso_per_category_specialist,6160.0,1320.0,1320.0,"context_id-grouped, granularity=per_category_specialist",context_id,1,0.9261225002392592,0.9238724101519872,0.9076317386042048,6.9071481840529385,,8.70037131462046,5.160147932001372,scripts\experiments\overfitting_diagnosis\experiment_3_extra_regressors.csv,verified_from_result_file,,,,,,,,,,,,
EXP-0126,overfitting_diagnosis_model_zoo,v7,soft,general_shelf_life,elastic_net,elastic_net_per_category_specialist,6160.0,1320.0,1320.0,"context_id-grouped, granularity=per_category_specialist",context_id,1,0.9208208659509324,0.920490288373015,0.894523504778004,7.150691677909545,,9.297244421208308,5.42227072573257,scripts\experiments\overfitting_diagnosis\experiment_3_extra_regressors.csv,verified_from_result_file,,,,,,,,,,,,
EXP-0127,overfitting_diagnosis_model_zoo,v7,soft,general_shelf_life,bayesian_ridge,bayesian_ridge_per_category_specialist,6160.0,1320.0,1320.0,"context_id-grouped, granularity=per_category_specialist",context_id,1,0.9270531684558492,0.924262426734003,0.9096674791392912,6.863504065296018,,8.60396169562467,5.188702812216556,scripts\experiments\overfitting_diagnosis\experiment_3_extra_regressors.csv,verified_from_result_file,,,,,,,,,,,,
EXP-0128,overfitting_diagnosis_model_zoo,v7,soft,general_shelf_life,knn_regressor_k5,knn_regressor_k5_per_category_specialist,6160.0,1320.0,1320.0,"context_id-grouped, granularity=per_category_specialist",context_id,1,0.9605086224934078,0.9120828099066148,0.9046570638060172,5.0500283957026015,,8.839356798552778,4.435824242424243,scripts\experiments\overfitting_diagnosis\experiment_3_extra_regressors.csv,verified_from_result_file,,,,,,,,,,,,
EXP-0129,overfitting_diagnosis_model_zoo,v7,soft,general_shelf_life,svr_rbf,svr_rbf_per_category_specialist,6160.0,1320.0,1320.0,"context_id-grouped, granularity=per_category_specialist",context_id,1,0.9747453224941032,0.9424016459117944,0.9456478617737704,4.038439604245809,,6.673977224522988,3.021897726802627,scripts\experiments\overfitting_diagnosis\experiment_3_extra_regressors.csv,verified_from_result_file,,,,,,,,,,,,
EXP-0130,overfitting_diagnosis_model_zoo,v7,soft,general_shelf_life,gradient_boosting,gradient_boosting_per_category_specialist,6160.0,1320.0,1320.0,"context_id-grouped, granularity=per_category_specialist",context_id,1,0.9797997659673046,0.967514788300562,0.9587112900178896,3.611776594356346,,5.8169061946998255,3.254371734707131,scripts\experiments\overfitting_diagnosis\experiment_3_extra_regressors.csv,verified_from_result_file,,,,,,,,,,,,
EXP-0131,overfitting_diagnosis_model_zoo,v7,soft,general_shelf_life,adaboost,adaboost_per_category_specialist,6160.0,1320.0,1320.0,"context_id-grouped, granularity=per_category_specialist",context_id,1,0.9366604758716854,0.9228955555923806,0.9169256905238936,6.3955820779913,,8.251060533009328,6.562591278878291,scripts\experiments\overfitting_diagnosis\experiment_3_extra_regressors.csv,verified_from_result_file,,,,,,,,,,,,
EXP-0132,overfitting_diagnosis_model_zoo,v7,soft,general_shelf_life,extra_trees,extra_trees_per_category_specialist,6160.0,1320.0,1320.0,"context_id-grouped, granularity=per_category_specialist",context_id,1,0.9797721612516628,0.967920975653735,0.9611386802245708,3.614243596146298,,5.643326481369474,3.075909151435096,scripts\experiments\overfitting_diagnosis\experiment_3_extra_regressors.csv,verified_from_result_file,,,,,,,,,,,,
EXP-0133,overfitting_diagnosis_model_zoo,v7,soft,general_shelf_life,pls_regression,pls_regression_per_category_specialist,6160.0,1320.0,1320.0,"context_id-grouped, granularity=per_category_specialist",context_id,1,0.9226457735290292,0.9214911712086076,0.9016794810438542,7.067807338619056,,8.97632326231446,5.32524797641207,scripts\experiments\overfitting_diagnosis\experiment_3_extra_regressors.csv,verified_from_result_file,,,,,,,,,,,,
EXP-0134,overfitting_diagnosis_model_zoo,v7,soft,general_shelf_life,dummy_mean_baseline,dummy_mean_baseline_per_category_specialist,6160.0,1320.0,1320.0,"context_id-grouped, granularity=per_category_specialist",context_id,1,0.0,-1.924181763257593e-06,-0.0004382145656165,25.41222422927947,,28.633308964151578,20.66048463203463,scripts\experiments\overfitting_diagnosis\experiment_3_extra_regressors.csv,verified_from_result_file,,,,,,,,,,,,
EXP-0135,overfitting_diagnosis_model_zoo,v7,soft,safety_endpoint,lasso,lasso_per_category_specialist,3360.0,720.0,720.0,"context_id-grouped, granularity=per_category_specialist",context_id,1,0.6016568886753584,0.6053876274234193,0.5791271594231956,10.292931231442726,,10.530884695070204,8.207422808001326,scripts\experiments\overfitting_diagnosis\experiment_3_extra_regressors.csv,verified_from_result_file,,,,,,,,,,,,
EXP-0136,overfitting_diagnosis_model_zoo,v7,soft,safety_endpoint,elastic_net,elastic_net_per_category_specialist,3360.0,720.0,720.0,"context_id-grouped, granularity=per_category_specialist",context_id,1,0.6013335984291441,0.6052762164549125,0.576302321580417,10.297107190924535,,10.566166482601982,8.222464686846402,scripts\experiments\overfitting_diagnosis\experiment_3_extra_regressors.csv,verified_from_result_file,,,,,,,,,,,,
EXP-0137,overfitting_diagnosis_model_zoo,v7,soft,safety_endpoint,bayesian_ridge,bayesian_ridge_per_category_specialist,3360.0,720.0,720.0,"context_id-grouped, granularity=per_category_specialist",context_id,1,0.602452597983063,0.6033147638873726,0.5739559430165992,10.282645782654075,,10.595383066192811,8.238907662019479,scripts\experiments\overfitting_diagnosis\experiment_3_extra_regressors.csv,verified_from_result_file,,,,,,,,,,,,
EXP-0138,overfitting_diagnosis_model_zoo,v7,soft,safety_endpoint,knn_regressor_k5,knn_regressor_k5_per_category_specialist,3360.0,720.0,720.0,"context_id-grouped, granularity=per_category_specialist",context_id,1,0.7201366562693288,0.3779337644504645,0.4099212588282567,8.627469347132697,,12.46936654031257,9.818130555555555,scripts\experiments\overfitting_diagnosis\experiment_3_extra_regressors.csv,verified_from_result_file,,,,,,,,,,,,
EXP-0139,overfitting_diagnosis_model_zoo,v7,soft,safety_endpoint,svr_rbf,svr_rbf_per_category_specialist,3360.0,720.0,720.0,"context_id-grouped, granularity=per_category_specialist",context_id,1,0.7310748173103303,0.5411193207048535,0.5234641226477739,8.45719124978069,,11.205654004874916,8.358549563636668,scripts\experiments\overfitting_diagnosis\experiment_3_extra_regressors.csv,verified_from_result_file,,,,,,,,,,,,
EXP-0140,overfitting_diagnosis_model_zoo,v7,soft,safety_endpoint,gradient_boosting,gradient_boosting_per_category_specialist,3360.0,720.0,720.0,"context_id-grouped, granularity=per_category_specialist",context_id,1,0.754288757956066,0.6021999144189183,0.5932260595694208,8.083937166354453,,10.352994142590042,7.833533624532866,scripts\experiments\overfitting_diagnosis\experiment_3_extra_regressors.csv,verified_from_result_file,,,,,,,,,,,,
EXP-0141,overfitting_diagnosis_model_zoo,v7,soft,safety_endpoint,adaboost,adaboost_per_category_specialist,3360.0,720.0,720.0,"context_id-grouped, granularity=per_category_specialist",context_id,1,0.6251980990536083,0.5913816899090694,0.6029792518576098,9.98415484896284,,10.228124570632453,7.882943145071029,scripts\experiments\overfitting_diagnosis\experiment_3_extra_regressors.csv,verified_from_result_file,,,,,,,,,,,,
EXP-0142,overfitting_diagnosis_model_zoo,v7,soft,safety_endpoint,extra_trees,extra_trees_per_category_specialist,3360.0,720.0,720.0,"context_id-grouped, granularity=per_category_specialist",context_id,1,0.7563902150729124,0.5480996833077489,0.5668629519377109,8.049293805958479,,10.683217572382947,7.902057841150781,scripts\experiments\overfitting_diagnosis\experiment_3_extra_regressors.csv,verified_from_result_file,,,,,,,,,,,,
EXP-0143,overfitting_diagnosis_model_zoo,v7,soft,safety_endpoint,pls_regression,pls_regression_per_category_specialist,3360.0,720.0,720.0,"context_id-grouped, granularity=per_category_specialist",context_id,1,0.6000260874818821,0.6048512419018653,0.5775651216986624,10.313979141035746,,10.55040888734632,8.240971134600516,scripts\experiments\overfitting_diagnosis\experiment_3_extra_regressors.csv,verified_from_result_file,,,,,,,,,,,,
EXP-0144,overfitting_diagnosis_model_zoo,v7,soft,safety_endpoint,dummy_mean_baseline,dummy_mean_baseline_per_category_specialist,3360.0,720.0,720.0,"context_id-grouped, granularity=per_category_specialist",context_id,1,0.0,-0.0029507520463807,-0.003173225758986,16.30836472645285,,16.25838387093938,14.074702480158727,scripts\experiments\overfitting_diagnosis\experiment_3_extra_regressors.csv,verified_from_result_file,,,,,,,,,,,,
EXP-0145,overfitting_diagnosis_model_zoo,v7,semi_hard,general_shelf_life,lasso,lasso_per_category_specialist,5040.0,1080.0,1080.0,"context_id-grouped, granularity=per_category_specialist",context_id,1,0.9017539544743662,0.8872645449059898,0.8666126013688201,15.238109498696955,,17.277182816577547,10.15047806312884,scripts\experiments\overfitting_diagnosis\experiment_3_extra_regressors.csv,verified_from_result_file,,,,,,,,,,,,
EXP-0146,overfitting_diagnosis_model_zoo,v7,semi_hard,general_shelf_life,elastic_net,elastic_net_per_category_specialist,5040.0,1080.0,1080.0,"context_id-grouped, granularity=per_category_specialist",context_id,1,0.8987000411582169,0.8851616786791262,0.866417090525577,15.473130383370911,,17.289840083128283,10.261080553576196,scripts\experiments\overfitting_diagnosis\experiment_3_extra_regressors.csv,verified_from_result_file,,,,,,,,,,,,
EXP-0147,overfitting_diagnosis_model_zoo,v7,semi_hard,general_shelf_life,bayesian_ridge,bayesian_ridge_per_category_specialist,5040.0,1080.0,1080.0,"context_id-grouped, granularity=per_category_specialist",context_id,1,0.9018237877030044,0.8873338708333757,0.8664711697792645,15.232692916577683,,17.28633994862881,10.143399336492928,scripts\experiments\overfitting_diagnosis\experiment_3_extra_regressors.csv,verified_from_result_file,,,,,,,,,,,,
EXP-0148,overfitting_diagnosis_model_zoo,v7,semi_hard,general_shelf_life,knn_regressor_k5,knn_regressor_k5_per_category_specialist,5040.0,1080.0,1080.0,"context_id-grouped, granularity=per_category_specialist",context_id,1,0.9094322556724328,0.7898403577121247,0.7904808385219714,14.630539006388668,,21.653464931866115,14.15378148148148,scripts\experiments\overfitting_diagnosis\experiment_3_extra_regressors.csv,verified_from_result_file,,,,,,,,,,,,
EXP-0149,overfitting_diagnosis_model_zoo,v7,semi_hard,general_shelf_life,svr_rbf,svr_rbf_per_category_specialist,5040.0,1080.0,1080.0,"context_id-grouped, granularity=per_category_specialist",context_id,1,0.8785689449765485,0.8640466718128272,0.8410760248956772,16.940976296541937,,18.85863421535553,10.28942383308038,scripts\experiments\overfitting_diagnosis\experiment_3_extra_regressors.csv,verified_from_result_file,,,,,,,,,,,,
EXP-0150,overfitting_diagnosis_model_zoo,v7,semi_hard,general_shelf_life,gradient_boosting,gradient_boosting_per_category_specialist,5040.0,1080.0,1080.0,"context_id-grouped, granularity=per_category_specialist",context_id,1,0.9667851927749284,0.9341077359580096,0.9197920550857142,8.860116221910905,,13.397514069056909,8.44028951311512,scripts\experiments\overfitting_diagnosis\experiment_3_extra_regressors.csv,verified_from_result_file,,,,,,,,,,,,
EXP-0151,overfitting_diagnosis_model_zoo,v7,semi_hard,general_shelf_life,adaboost,adaboost_per_category_specialist,5040.0,1080.0,1080.0,"context_id-grouped, granularity=per_category_specialist",context_id,1,0.9187450099861388,0.8789163416272514,0.8727759779496341,13.857936637739666,,16.873302320712394,13.227954077598431,scripts\experiments\overfitting_diagnosis\experiment_3_extra_regressors.csv,verified_from_result_file,,,,,,,,,,,,
EXP-0152,overfitting_diagnosis_model_zoo,v7,semi_hard,general_shelf_life,extra_trees,extra_trees_per_category_specialist,5040.0,1080.0,1080.0,"context_id-grouped, granularity=per_category_specialist",context_id,1,0.9600864014317247,0.9217872003813784,0.8958806584094229,9.712566228299272,,15.264452572248146,10.661537815303282,scripts\experiments\overfitting_diagnosis\experiment_3_extra_regressors.csv,verified_from_result_file,,,,,,,,,,,,
EXP-0153,overfitting_diagnosis_model_zoo,v7,semi_hard,general_shelf_life,pls_regression,pls_regression_per_category_specialist,5040.0,1080.0,1080.0,"context_id-grouped, granularity=per_category_specialist",context_id,1,0.9000174448085395,0.8853346443169117,0.8657439607100694,15.372187265051084,,17.333347453410113,10.434270300097978,scripts\experiments\overfitting_diagnosis\experiment_3_extra_regressors.csv,verified_from_result_file,,,,,,,,,,,,
EXP-0154,overfitting_diagnosis_model_zoo,v7,semi_hard,general_shelf_life,dummy_mean_baseline,dummy_mean_baseline_per_category_specialist,5040.0,1080.0,1080.0,"context_id-grouped, granularity=per_category_specialist",context_id,1,0.0,-0.0002816887825971,-0.0009928564864496,48.61536498981732,,47.32940190320328,33.058533164315115,scripts\experiments\overfitting_diagnosis\experiment_3_extra_regressors.csv,verified_from_result_file,,,,,,,,,,,,
EXP-0155,overfitting_diagnosis_model_zoo,v7,semi_hard,safety_endpoint,lasso,lasso_per_category_specialist,2800.0,600.0,600.0,"context_id-grouped, granularity=per_category_specialist",context_id,1,0.2759833676516883,0.052010209734888,0.3414845855764944,17.07410518343995,,15.765217087943794,12.876279180221792,scripts\experiments\overfitting_diagnosis\experiment_3_extra_regressors.csv,verified_from_result_file,,,,,,,,,,,,
EXP-0156,overfitting_diagnosis_model_zoo,v7,semi_hard,safety_endpoint,elastic_net,elastic_net_per_category_specialist,2800.0,600.0,600.0,"context_id-grouped, granularity=per_category_specialist",context_id,1,0.2729090162483416,0.071305079149283,0.3425729383888672,17.110317192690786,,15.75218382151727,12.937341565330332,scripts\experiments\overfitting_diagnosis\experiment_3_extra_regressors.csv,verified_from_result_file,,,,,,,,,,,,
EXP-0157,overfitting_diagnosis_model_zoo,v7,semi_hard,safety_endpoint,bayesian_ridge,bayesian_ridge_per_category_specialist,2800.0,600.0,600.0,"context_id-grouped, granularity=per_category_specialist",context_id,1,0.2751556524304714,0.0607829149153185,0.3448488219194365,17.083862182977434,,15.724894698373507,12.8782611723838,scripts\experiments\overfitting_diagnosis\experiment_3_extra_regressors.csv,verified_from_result_file,,,,,,,,,,,,
EXP-0158,overfitting_diagnosis_model_zoo,v7,semi_hard,safety_endpoint,knn_regressor_k5,knn_regressor_k5_per_category_specialist,2800.0,600.0,600.0,"context_id-grouped, granularity=per_category_specialist",context_id,1,0.5140365659007677,-0.1290350319118649,0.124686605569399,13.988317372007256,,18.176019077711523,14.584723333333333,scripts\experiments\overfitting_diagnosis\experiment_3_extra_regressors.csv,verified_from_result_file,,,,,,,,,,,,
EXP-0159,overfitting_diagnosis_model_zoo,v7,semi_hard,safety_endpoint,svr_rbf,svr_rbf_per_category_specialist,2800.0,600.0,600.0,"context_id-grouped, granularity=per_category_specialist",context_id,1,0.4194869127839514,-0.0696982972240407,0.2500636310498112,15.288669359894357,,16.823997322726516,13.969312799346492,scripts\experiments\overfitting_diagnosis\experiment_3_extra_regressors.csv,verified_from_result_file,,,,,,,,,,,,
EXP-0160,overfitting_diagnosis_model_zoo,v7,semi_hard,safety_endpoint,gradient_boosting,gradient_boosting_per_category_specialist,2800.0,600.0,600.0,"context_id-grouped, granularity=per_category_specialist",context_id,1,0.5527073363069803,0.1099339238104131,0.3349167498076528,13.420217935556552,,15.843640809194357,12.89937403353241,scripts\experiments\overfitting_diagnosis\experiment_3_extra_regressors.csv,verified_from_result_file,,,,,,,,,,,,
EXP-0161,overfitting_diagnosis_model_zoo,v7,semi_hard,safety_endpoint,adaboost,adaboost_per_category_specialist,2800.0,600.0,600.0,"context_id-grouped, granularity=per_category_specialist",context_id,1,0.2820692443908599,0.0900236172181498,0.3549141117791893,17.002193725302984,,15.603633947523894,12.767095149116232,scripts\experiments\overfitting_diagnosis\experiment_3_extra_regressors.csv,verified_from_result_file,,,,,,,,,,,,
EXP-0162,overfitting_diagnosis_model_zoo,v7,semi_hard,safety_endpoint,extra_trees,extra_trees_per_category_specialist,2800.0,600.0,600.0,"context_id-grouped, granularity=per_category_specialist",context_id,1,0.4537640829837626,0.0626494850927076,0.3536060396292035,14.830432194182489,,15.619446061013331,12.73017100543554,scripts\experiments\overfitting_diagnosis\experiment_3_extra_regressors.csv,verified_from_result_file,,,,,,,,,,,,
EXP-0163,overfitting_diagnosis_model_zoo,v7,semi_hard,safety_endpoint,pls_regression,pls_regression_per_category_specialist,2800.0,600.0,600.0,"context_id-grouped, granularity=per_category_specialist",context_id,1,0.2746849199160465,0.0546885494676278,0.3500889480539531,17.08940863180705,,15.661881867534971,12.775102022927152,scripts\experiments\overfitting_diagnosis\experiment_3_extra_regressors.csv,verified_from_result_file,,,,,,,,,,,,
EXP-0164,overfitting_diagnosis_model_zoo,v7,semi_hard,safety_endpoint,dummy_mean_baseline,dummy_mean_baseline_per_category_specialist,2800.0,600.0,600.0,"context_id-grouped, granularity=per_category_specialist",context_id,1,0.0,-0.0051603333383332,-0.000568382407623,20.066132747314743,,19.433023253129367,15.362096666666664,scripts\experiments\overfitting_diagnosis\experiment_3_extra_regressors.csv,verified_from_result_file,,,,,,,,,,,,
EXP-0165,overfitting_diagnosis_model_zoo,v7,hard,general_shelf_life,lasso,lasso_per_category_specialist,4200.0,900.0,900.0,"context_id-grouped, granularity=per_category_specialist",context_id,1,0.9157218231547758,0.8985454699578096,0.9281950036769068,13.006986593229886,,11.616298221171013,7.793071579097926,scripts\experiments\overfitting_diagnosis\experiment_3_extra_regressors.csv,verified_from_result_file,,,,,,,,,,,,
EXP-0166,overfitting_diagnosis_model_zoo,v7,hard,general_shelf_life,elastic_net,elastic_net_per_category_specialist,4200.0,900.0,900.0,"context_id-grouped, granularity=per_category_specialist",context_id,1,0.9125552707488208,0.9024212790060452,0.925396754975898,13.249086797216338,,11.84047922277512,7.984045020325005,scripts\experiments\overfitting_diagnosis\experiment_3_extra_regressors.csv,verified_from_result_file,,,,,,,,,,,,
EXP-0167,overfitting_diagnosis_model_zoo,v7,hard,general_shelf_life,bayesian_ridge,bayesian_ridge_per_category_specialist,4200.0,900.0,900.0,"context_id-grouped, granularity=per_category_specialist",context_id,1,0.9157930338469352,0.8989416420268377,0.9286884104252268,13.001490317141233,,11.576318830604334,7.776958816966272,scripts\experiments\overfitting_diagnosis\experiment_3_extra_regressors.csv,verified_from_result_file,,,,,,,,,,,,
EXP-0168,overfitting_diagnosis_model_zoo,v7,hard,general_shelf_life,knn_regressor_k5,knn_regressor_k5_per_category_specialist,4200.0,900.0,900.0,"context_id-grouped, granularity=per_category_specialist",context_id,1,0.8730987152308685,0.6945660770966023,0.7016911671027225,15.960707402749744,,23.67682571526663,16.60870888888889,scripts\experiments\overfitting_diagnosis\experiment_3_extra_regressors.csv,verified_from_result_file,,,,,,,,,,,,
EXP-0169,overfitting_diagnosis_model_zoo,v7,hard,general_shelf_life,svr_rbf,svr_rbf_per_category_specialist,4200.0,900.0,900.0,"context_id-grouped, granularity=per_category_specialist",context_id,1,0.8961454689710556,0.8727892733912705,0.8550140776614292,14.438824942722016,,16.5064370010329,9.948101529717238,scripts\experiments\overfitting_diagnosis\experiment_3_extra_regressors.csv,verified_from_result_file,,,,,,,,,,,,
EXP-0170,overfitting_diagnosis_model_zoo,v7,hard,general_shelf_life,gradient_boosting,gradient_boosting_per_category_specialist,4200.0,900.0,900.0,"context_id-grouped, granularity=per_category_specialist",context_id,1,0.9645336115017672,0.9104328581822138,0.9322229389979668,8.43776858180937,,11.285785382509316,7.304938253635714,scripts\experiments\overfitting_diagnosis\experiment_3_extra_regressors.csv,verified_from_result_file,,,,,,,,,,,,
EXP-0171,overfitting_diagnosis_model_zoo,v7,hard,general_shelf_life,adaboost,adaboost_per_category_specialist,4200.0,900.0,900.0,"context_id-grouped, granularity=per_category_specialist",context_id,1,0.922016195677278,0.8817522919260135,0.8968249358887492,12.5118444188929,,13.924441808177452,10.358109006450768,scripts\experiments\overfitting_diagnosis\experiment_3_extra_regressors.csv,verified_from_result_file,,,,,,,,,,,,
EXP-0172,overfitting_diagnosis_model_zoo,v7,hard,general_shelf_life,extra_trees,extra_trees_per_category_specialist,4200.0,900.0,900.0,"context_id-grouped, granularity=per_category_specialist",context_id,1,0.963015098565123,0.8942022514497245,0.9206262651414896,8.6165092655913,,12.21318199788148,8.203997863515546,scripts\experiments\overfitting_diagnosis\experiment_3_extra_regressors.csv,verified_from_result_file,,,,,,,,,,,,
EXP-0173,overfitting_diagnosis_model_zoo,v7,hard,general_shelf_life,pls_regression,pls_regression_per_category_specialist,4200.0,900.0,900.0,"context_id-grouped, granularity=per_category_specialist",context_id,1,0.9137633341669388,0.8996142154903015,0.9261264686599948,13.15724934239348,,11.782429525420916,7.940949811060072,scripts\experiments\overfitting_diagnosis\experiment_3_extra_regressors.csv,verified_from_result_file,,,,,,,,,,,,
EXP-0174,overfitting_diagnosis_model_zoo,v7,hard,general_shelf_life,dummy_mean_baseline,dummy_mean_baseline_per_category_specialist,4200.0,900.0,900.0,"context_id-grouped, granularity=per_category_specialist",context_id,1,0.0,-0.013405221258991,-5.418128664169686e-06,44.80424119827336,,43.35024909985994,30.697504407407408,scripts\experiments\overfitting_diagnosis\experiment_3_extra_regressors.csv,verified_from_result_file,,,,,,,,,,,,
EXP-0175,overfitting_diagnosis_model_zoo,v7,hard,safety_endpoint,lasso,lasso_per_category_specialist,2240.0,480.0,480.0,"context_id-grouped, granularity=per_category_specialist",context_id,1,0.0393140556797257,-0.0572799055666859,-0.0550771535650829,20.636048056914152,,21.43339024833981,18.14723807129308,scripts\experiments\overfitting_diagnosis\experiment_3_extra_regressors.csv,verified_from_result_file,,,,,,,,,,,,
EXP-0176,overfitting_diagnosis_model_zoo,v7,hard,safety_endpoint,elastic_net,elastic_net_per_category_specialist,2240.0,480.0,480.0,"context_id-grouped, granularity=per_category_specialist",context_id,1,0.039068648006223,-0.0524013032904586,-0.0519599601747016,20.638683632670865,,21.40170467740956,18.12769101367786,scripts\experiments\overfitting_diagnosis\experiment_3_extra_regressors.csv,verified_from_result_file,,,,,,,,,,,,
EXP-0177,overfitting_diagnosis_model_zoo,v7,hard,safety_endpoint,bayesian_ridge,bayesian_ridge_per_category_specialist,2240.0,480.0,480.0,"context_id-grouped, granularity=per_category_specialist",context_id,1,0.0293703005941238,-0.0227001234067001,-0.0394304395023104,20.74257170801757,,21.2738688418098,18.02121539830131,scripts\experiments\overfitting_diagnosis\experiment_3_extra_regressors.csv,verified_from_result_file,,,,,,,,,,,,
EXP-0178,overfitting_diagnosis_model_zoo,v7,hard,safety_endpoint,knn_regressor_k5,knn_regressor_k5_per_category_specialist,2240.0,480.0,480.0,"context_id-grouped, granularity=per_category_specialist",context_id,1,0.4326137924632068,-0.3769768461498211,-0.1680358974671434,15.858978103168743,,22.551573893891906,18.24469583333333,scripts\experiments\overfitting_diagnosis\experiment_3_extra_regressors.csv,verified_from_result_file,,,,,,,,,,,,
EXP-0179,overfitting_diagnosis_model_zoo,v7,hard,safety_endpoint,svr_rbf,svr_rbf_per_category_specialist,2240.0,480.0,480.0,"context_id-grouped, granularity=per_category_specialist",context_id,1,0.2788174506138638,-0.1394360603786073,-0.0734551074030511,17.879625459097355,,21.619254064153434,17.854192864280563,scripts\experiments\overfitting_diagnosis\experiment_3_extra_regressors.csv,verified_from_result_file,,,,,,,,,,,,
EXP-0180,overfitting_diagnosis_model_zoo,v7,hard,safety_endpoint,gradient_boosting,gradient_boosting_per_category_specialist,2240.0,480.0,480.0,"context_id-grouped, granularity=per_category_specialist",context_id,1,0.479224139844207,-0.1232517282717418,-0.1576241902072757,15.193619105526857,,22.45083813069284,18.676981336928247,scripts\experiments\overfitting_diagnosis\experiment_3_extra_regressors.csv,verified_from_result_file,,,,,,,,,,,,
EXP-0181,overfitting_diagnosis_model_zoo,v7,hard,safety_endpoint,adaboost,adaboost_per_category_specialist,2240.0,480.0,480.0,"context_id-grouped, granularity=per_category_specialist",context_id,1,0.1486183174631468,-0.0280862409006175,-0.0390674060127269,19.426652126004385,,21.270153441040595,17.763025014872678,scripts\experiments\overfitting_diagnosis\experiment_3_extra_regressors.csv,verified_from_result_file,,,,,,,,,,,,
EXP-0182,overfitting_diagnosis_model_zoo,v7,hard,safety_endpoint,extra_trees,extra_trees_per_category_specialist,2240.0,480.0,480.0,"context_id-grouped, granularity=per_category_specialist",context_id,1,0.6063048824311281,-0.0996392058566719,-0.0518749241283336,13.21039570553465,,21.400839647750495,17.64371541894564,scripts\experiments\overfitting_diagnosis\experiment_3_extra_regressors.csv,verified_from_result_file,,,,,,,,,,,,
EXP-0183,overfitting_diagnosis_model_zoo,v7,hard,safety_endpoint,pls_regression,pls_regression_per_category_specialist,2240.0,480.0,480.0,"context_id-grouped, granularity=per_category_specialist",context_id,1,0.0385453971670768,-0.0569859934825482,-0.0600635626455412,20.644302004263427,,21.48397881071998,18.14355372551365,scripts\experiments\overfitting_diagnosis\experiment_3_extra_regressors.csv,verified_from_result_file,,,,,,,,,,,,
EXP-0184,overfitting_diagnosis_model_zoo,v7,hard,safety_endpoint,dummy_mean_baseline,dummy_mean_baseline_per_category_specialist,2240.0,480.0,480.0,"context_id-grouped, granularity=per_category_specialist",context_id,1,0.0,-5.604333235864623e-05,-0.0215658237138054,21.05405786720701,,21.09026028325326,17.907353571428573,scripts\experiments\overfitting_diagnosis\experiment_3_extra_regressors.csv,verified_from_result_file,,,,,,,,,,,,
EXP-0185,overfitting_diagnosis_model_zoo,v7,ALL,general_shelf_life,lasso,lasso_aggregated_all_categories,15400.0,3300.0,3300.0,"context_id-grouped, granularity=aggregated_all_categories",context_id,1,0.9287920353152854,0.9216639679179146,0.9109998816770526,12.8414475627509,,14.582801199793852,8.857322224628323,scripts\experiments\overfitting_diagnosis\experiment_3_extra_regressors.csv,verified_from_result_file,,,,,,,,,,,,
EXP-0186,overfitting_diagnosis_model_zoo,v7,ALL,general_shelf_life,elastic_net,elastic_net_aggregated_all_categories,15400.0,3300.0,3300.0,"context_id-grouped, granularity=aggregated_all_categories",context_id,1,0.922493685572339,0.9186342358638818,0.9077786273806024,13.397329517361737,,14.844359183704448,9.150097296214284,scripts\experiments\overfitting_diagnosis\experiment_3_extra_regressors.csv,verified_from_result_file,,,,,,,,,,,,
EXP-0187,overfitting_diagnosis_model_zoo,v7,ALL,general_shelf_life,bayesian_ridge,bayesian_ridge_aggregated_all_categories,15400.0,3300.0,3300.0,"context_id-grouped, granularity=aggregated_all_categories",context_id,1,0.929304366004114,0.9215447552543012,0.9107537122581564,12.795168018593742,,14.602954885357644,8.83607874728025,scripts\experiments\overfitting_diagnosis\experiment_3_extra_regressors.csv,verified_from_result_file,,,,,,,,,,,,
EXP-0188,overfitting_diagnosis_model_zoo,v7,ALL,general_shelf_life,knn_regressor_k5,knn_regressor_k5_aggregated_all_categories,15400.0,3300.0,3300.0,"context_id-grouped, granularity=aggregated_all_categories",context_id,1,0.9397884242996593,0.8929249176754498,0.8906087991048469,11.808362928367842,,16.16727621848679,9.970358787878787,scripts\experiments\overfitting_diagnosis\experiment_3_extra_regressors.csv,verified_from_result_file,,,,,,,,,,,,
EXP-0189,overfitting_diagnosis_model_zoo,v7,ALL,general_shelf_life,svr_rbf,svr_rbf_aggregated_all_categories,15400.0,3300.0,3300.0,"context_id-grouped, granularity=aggregated_all_categories",context_id,1,0.8890998752211562,0.8893714206489891,0.8696801185159585,16.025652223218113,,17.646192048585213,8.835464126260549,scripts\experiments\overfitting_diagnosis\experiment_3_extra_regressors.csv,verified_from_result_file,,,,,,,,,,,,
EXP-0190,overfitting_diagnosis_model_zoo,v7,ALL,general_shelf_life,gradient_boosting,gradient_boosting_aggregated_all_categories,15400.0,3300.0,3300.0,"context_id-grouped, granularity=aggregated_all_categories",context_id,1,0.9563727559812368,0.9459412127905996,0.9462564136975498,10.051446973423284,,11.332063123772304,7.597134295382796,scripts\experiments\overfitting_diagnosis\experiment_3_extra_regressors.csv,verified_from_result_file,,,,,,,,,,,,
EXP-0191,overfitting_diagnosis_model_zoo,v7,ALL,general_shelf_life,adaboost,adaboost_aggregated_all_categories,15400.0,3300.0,3300.0,"context_id-grouped, granularity=aggregated_all_categories",context_id,1,0.8258787926375093,0.8161483150583321,0.8241033169700033,20.080546647924653,,20.500973686666228,17.345715496357922,scripts\experiments\overfitting_diagnosis\experiment_3_extra_regressors.csv,verified_from_result_file,,,,,,,,,,,,
EXP-0192,overfitting_diagnosis_model_zoo,v7,ALL,general_shelf_life,extra_trees,extra_trees_aggregated_all_categories,15400.0,3300.0,3300.0,"context_id-grouped, granularity=aggregated_all_categories",context_id,1,0.9486098268999736,0.9349656187107992,0.934763527824266,10.909120443088046,,12.485067567071832,8.26419747608391,scripts\experiments\overfitting_diagnosis\experiment_3_extra_regressors.csv,verified_from_result_file,,,,,,,,,,,,
EXP-0193,overfitting_diagnosis_model_zoo,v7,ALL,general_shelf_life,pls_regression,pls_regression_aggregated_all_categories,15400.0,3300.0,3300.0,"context_id-grouped, granularity=aggregated_all_categories",context_id,1,0.9274571275640612,0.9212324210260064,0.9091493415071354,12.961255459386964,,14.733628087964128,9.079748135729004,scripts\experiments\overfitting_diagnosis\experiment_3_extra_regressors.csv,verified_from_result_file,,,,,,,,,,,,
EXP-0194,overfitting_diagnosis_model_zoo,v7,ALL,general_shelf_life,dummy_mean_baseline,dummy_mean_baseline_aggregated_all_categories,15400.0,3300.0,3300.0,"context_id-grouped, granularity=aggregated_all_categories",context_id,1,0.0,-6.591106918540923e-05,-2.6601389933711417e-05,48.12266789335308,,48.88227834291994,35.35189045651318,scripts\experiments\overfitting_diagnosis\experiment_3_extra_regressors.csv,verified_from_result_file,,,,,,,,,,,,
EXP-0195,overfitting_diagnosis_model_zoo,v7,ALL,safety_endpoint,lasso,lasso_aggregated_all_categories,8400.0,1800.0,1800.0,"context_id-grouped, granularity=aggregated_all_categories",context_id,1,0.6790797001188958,0.6354899100717155,0.6358921546869162,16.029905317538294,,16.21153246901819,13.16324762816936,scripts\experiments\overfitting_diagnosis\experiment_3_extra_regressors.csv,verified_from_result_file,,,,,,,,,,,,
EXP-0196,overfitting_diagnosis_model_zoo,v7,ALL,safety_endpoint,elastic_net,elastic_net_aggregated_all_categories,8400.0,1800.0,1800.0,"context_id-grouped, granularity=aggregated_all_categories",context_id,1,0.6784316029488382,0.6351177065059596,0.6369570470083081,16.046083316348156,,16.187808484956474,13.161136559947874,scripts\experiments\overfitting_diagnosis\experiment_3_extra_regressors.csv,verified_from_result_file,,,,,,,,,,,,
EXP-0197,overfitting_diagnosis_model_zoo,v7,ALL,safety_endpoint,bayesian_ridge,bayesian_ridge_aggregated_all_categories,8400.0,1800.0,1800.0,"context_id-grouped, granularity=aggregated_all_categories",context_id,1,0.6795244271396856,0.6328635909460885,0.6338673256373868,16.01879445364889,,16.256546703702753,13.208952039590748,scripts\experiments\overfitting_diagnosis\experiment_3_extra_regressors.csv,verified_from_result_file,,,,,,,,,,,,
EXP-0198,overfitting_diagnosis_model_zoo,v7,ALL,safety_endpoint,knn_regressor_k5,knn_regressor_k5_aggregated_all_categories,8400.0,1800.0,1800.0,"context_id-grouped, granularity=aggregated_all_categories",context_id,1,0.7694834480467025,0.5714090617930322,0.509585715610008,13.585743783711903,,18.8144101741192,14.956233333333332,scripts\experiments\overfitting_diagnosis\experiment_3_extra_regressors.csv,verified_from_result_file,,,,,,,,,,,,
EXP-0199,overfitting_diagnosis_model_zoo,v7,ALL,safety_endpoint,svr_rbf,svr_rbf_aggregated_all_categories,8400.0,1800.0,1800.0,"context_id-grouped, granularity=aggregated_all_categories",context_id,1,0.7057290240174349,0.6070338509705764,0.5948229975349977,15.349918618492742,,17.101391357057825,13.578339834462929,scripts\experiments\overfitting_diagnosis\experiment_3_extra_regressors.csv,verified_from_result_file,,,,,,,,,,,,
EXP-0200,overfitting_diagnosis_model_zoo,v7,ALL,safety_endpoint,gradient_boosting,gradient_boosting_aggregated_all_categories,8400.0,1800.0,1800.0,"context_id-grouped, granularity=aggregated_all_categories",context_id,1,0.7423475497236043,0.6257128014812683,0.6351172762066404,14.36314354920237,,16.2287736400725,12.822014236706991,scripts\experiments\overfitting_diagnosis\experiment_3_extra_regressors.csv,verified_from_result_file,,,,,,,,,,,,
EXP-0201,overfitting_diagnosis_model_zoo,v7,ALL,safety_endpoint,adaboost,adaboost_aggregated_all_categories,8400.0,1800.0,1800.0,"context_id-grouped, granularity=aggregated_all_categories",context_id,1,0.6877739193119969,0.6352512696085335,0.6545205860802097,15.81127714599858,,15.791381992707883,12.70246410400464,scripts\experiments\overfitting_diagnosis\experiment_3_extra_regressors.csv,verified_from_result_file,,,,,,,,,,,,
EXP-0202,overfitting_diagnosis_model_zoo,v7,ALL,safety_endpoint,extra_trees,extra_trees_aggregated_all_categories,8400.0,1800.0,1800.0,"context_id-grouped, granularity=aggregated_all_categories",context_id,1,0.7637594668506855,0.6397653888397139,0.626473046812945,13.753384021463091,,16.419881737048428,12.902289447980568,scripts\experiments\overfitting_diagnosis\experiment_3_extra_regressors.csv,verified_from_result_file,,,,,,,,,,,,
EXP-0203,overfitting_diagnosis_model_zoo,v7,ALL,safety_endpoint,pls_regression,pls_regression_aggregated_all_categories,8400.0,1800.0,1800.0,"context_id-grouped, granularity=aggregated_all_categories",context_id,1,0.6785477384146721,0.6322599365470003,0.6294048412354709,16.043185507262685,,16.35531537659571,13.291041573322566,scripts\experiments\overfitting_diagnosis\experiment_3_extra_regressors.csv,verified_from_result_file,,,,,,,,,,,,
EXP-0204,overfitting_diagnosis_model_zoo,v7,ALL,safety_endpoint,dummy_mean_baseline,dummy_mean_baseline_aggregated_all_categories,8400.0,1800.0,1800.0,"context_id-grouped, granularity=aggregated_all_categories",context_id,1,0.0,-0.0001798730776525,-0.0002195355093428,28.29647664870309,,26.869322650830632,21.650335746031747,scripts\experiments\overfitting_diagnosis\experiment_3_extra_regressors.csv,verified_from_result_file,,,,,,,,,,,,
EXP-0205,overfitting_diagnosis_logistic_reformulation,v7,soft,general_shelf_life,logistic_regression_tertile_classes,logreg_per_category_specialist,6160.0,1320.0,1320.0,"context_id-grouped, granularity=per_category_specialist",context_id,1,,,,,,,,scripts\experiments\overfitting_diagnosis\experiment_3_logistic_regression.csv,verified_from_result_file,,,,,0.9522727272727272,0.9515120961219606,classification reformulation (Low/Med/High tertiles) -- not R2-comparable to regression rows,,,,,
EXP-0206,overfitting_diagnosis_logistic_reformulation,v7,soft,safety_endpoint,logistic_regression_tertile_classes,logreg_per_category_specialist,3360.0,720.0,720.0,"context_id-grouped, granularity=per_category_specialist",context_id,1,,,,,,,,scripts\experiments\overfitting_diagnosis\experiment_3_logistic_regression.csv,verified_from_result_file,,,,,0.6638888888888889,0.6586814471869618,classification reformulation (Low/Med/High tertiles) -- not R2-comparable to regression rows,,,,,
EXP-0207,overfitting_diagnosis_logistic_reformulation,v7,semi_hard,general_shelf_life,logistic_regression_tertile_classes,logreg_per_category_specialist,5040.0,1080.0,1080.0,"context_id-grouped, granularity=per_category_specialist",context_id,1,,,,,,,,scripts\experiments\overfitting_diagnosis\experiment_3_logistic_regression.csv,verified_from_result_file,,,,,0.8703703703703703,0.8704721998489239,classification reformulation (Low/Med/High tertiles) -- not R2-comparable to regression rows,,,,,
EXP-0208,overfitting_diagnosis_logistic_reformulation,v7,semi_hard,safety_endpoint,logistic_regression_tertile_classes,logreg_per_category_specialist,2800.0,600.0,600.0,"context_id-grouped, granularity=per_category_specialist",context_id,1,,,,,,,,scripts\experiments\overfitting_diagnosis\experiment_3_logistic_regression.csv,verified_from_result_file,,,,,0.375,0.3685072557304403,classification reformulation (Low/Med/High tertiles) -- not R2-comparable to regression rows,,,,,
EXP-0209,overfitting_diagnosis_logistic_reformulation,v7,hard,general_shelf_life,logistic_regression_tertile_classes,logreg_per_category_specialist,4200.0,900.0,900.0,"context_id-grouped, granularity=per_category_specialist",context_id,1,,,,,,,,scripts\experiments\overfitting_diagnosis\experiment_3_logistic_regression.csv,verified_from_result_file,,,,,0.8588888888888889,0.8607069207274679,classification reformulation (Low/Med/High tertiles) -- not R2-comparable to regression rows,,,,,
EXP-0210,overfitting_diagnosis_logistic_reformulation,v7,hard,safety_endpoint,logistic_regression_tertile_classes,logreg_per_category_specialist,2240.0,480.0,480.0,"context_id-grouped, granularity=per_category_specialist",context_id,1,,,,,,,,scripts\experiments\overfitting_diagnosis\experiment_3_logistic_regression.csv,verified_from_result_file,,,,,0.31875,0.3137964081038085,classification reformulation (Low/Med/High tertiles) -- not R2-comparable to regression rows,,,,,
EXP-0211,overfitting_diagnosis_logistic_reformulation,v7,ALL,general_shelf_life,logistic_regression_tertile_classes,logreg_aggregated_all_categories,15400.0,3300.0,3300.0,"context_id-grouped, granularity=aggregated_all_categories",context_id,1,,,,,,,,scripts\experiments\overfitting_diagnosis\experiment_3_logistic_regression.csv,verified_from_result_file,,,,,0.9315151515151516,0.9320767684821036,classification reformulation (Low/Med/High tertiles) -- not R2-comparable to regression rows,,,,,
EXP-0212,overfitting_diagnosis_logistic_reformulation,v7,ALL,safety_endpoint,logistic_regression_tertile_classes,logreg_aggregated_all_categories,8400.0,1800.0,1800.0,"context_id-grouped, granularity=aggregated_all_categories",context_id,1,,,,,,,,scripts\experiments\overfitting_diagnosis\experiment_3_logistic_regression.csv,verified_from_result_file,,,,,0.5955555555555555,0.5945290497681196,classification reformulation (Low/Med/High tertiles) -- not R2-comparable to regression rows,,,,,
EXP-0213,leave_rule_out_cv,v7,soft,general_shelf_life,ridge_regression,ridge_regression_leave_rule_out,,,,"GroupKFold(source_rule_id), K=n_rules (leave-one-rule-out)",source_rule_id,7,,,,,,,,scripts\experiments\overfitting_diagnosis\experiment_5_leave_rule_out_full_zoo.csv,verified_from_result_file,,,,,,,,-5.752039861272938,-5.736023441465923,7.807961588316495,-22.739345628934743,0.9024479481491786
EXP-0214,leave_rule_out_cv,v7,soft,general_shelf_life,shallow_decision_tree,shallow_decision_tree_leave_rule_out,,,,"GroupKFold(source_rule_id), K=n_rules (leave-one-rule-out)",source_rule_id,7,,,,,,,,scripts\experiments\overfitting_diagnosis\experiment_5_leave_rule_out_full_zoo.csv,verified_from_result_file,,,,,,,,-0.97541594045959,-0.00596452299,3.155969884458919,-8.559507320961266,0.9066543734324672
EXP-0215,leave_rule_out_cv,v7,soft,general_shelf_life,shallow_random_forest,shallow_random_forest_leave_rule_out,,,,"GroupKFold(source_rule_id), K=n_rules (leave-one-rule-out)",source_rule_id,7,,,,,,,,scripts\experiments\overfitting_diagnosis\experiment_5_leave_rule_out_full_zoo.csv,verified_from_result_file,,,,,,,,-2.013269680869116,-0.1135190515354773,5.070103450318789,-14.201218497844192,0.9401068171509968
EXP-0216,leave_rule_out_cv,v7,soft,general_shelf_life,small_mlp,small_mlp_leave_rule_out,,,,"GroupKFold(source_rule_id), K=n_rules (leave-one-rule-out)",source_rule_id,7,,,,,,,,scripts\experiments\overfitting_diagnosis\experiment_5_leave_rule_out_full_zoo.csv,verified_from_result_file,,,,,,,,0.1784859223542432,0.5548185117387059,0.91756224064407,-1.8767862660045636,0.960545810571142
EXP-0217,leave_rule_out_cv,v7,soft,general_shelf_life,lasso,lasso_leave_rule_out,,,,"GroupKFold(source_rule_id), K=n_rules (leave-one-rule-out)",source_rule_id,7,,,,,,,,scripts\experiments\overfitting_diagnosis\experiment_5_leave_rule_out_full_zoo.csv,verified_from_result_file,,,,,,,,-4.660510956207816,-5.374710821432559,6.0083838519794925,-17.00993676144598,0.9131662202562972
EXP-0218,leave_rule_out_cv,v7,soft,general_shelf_life,elastic_net,elastic_net_leave_rule_out,,,,"GroupKFold(source_rule_id), K=n_rules (leave-one-rule-out)",source_rule_id,7,,,,,,,,scripts\experiments\overfitting_diagnosis\experiment_5_leave_rule_out_full_zoo.csv,verified_from_result_file,,,,,,,,-4.727164827396207,-5.082989525006905,5.925054062102249,-16.535347643044314,0.9073032801260712
EXP-0219,leave_rule_out_cv,v7,soft,general_shelf_life,bayesian_ridge,bayesian_ridge_leave_rule_out,,,,"GroupKFold(source_rule_id), K=n_rules (leave-one-rule-out)",source_rule_id,7,,,,,,,,scripts\experiments\overfitting_diagnosis\experiment_5_leave_rule_out_full_zoo.csv,verified_from_result_file,,,,,,,,-5.75834133273086,-5.74135523094034,7.815420348475928,-22.762677149386278,0.9021917547430912
EXP-0220,leave_rule_out_cv,v7,soft,general_shelf_life,knn_regressor_k5,knn_regressor_k5_leave_rule_out,,,,"GroupKFold(source_rule_id), K=n_rules (leave-one-rule-out)",source_rule_id,7,,,,,,,,scripts\experiments\overfitting_diagnosis\experiment_5_leave_rule_out_full_zoo.csv,verified_from_result_file,,,,,,,,0.1250034425933174,-0.0350690619747984,0.6133309131405251,-0.7741380659216324,0.9399655697118432
EXP-0221,leave_rule_out_cv,v7,soft,general_shelf_life,svr_rbf,svr_rbf_leave_rule_out,,,,"GroupKFold(source_rule_id), K=n_rules (leave-one-rule-out)",source_rule_id,7,,,,,,,,scripts\experiments\overfitting_diagnosis\experiment_5_leave_rule_out_full_zoo.csv,verified_from_result_file,,,,,,,,0.7507010556915302,0.7123367090682051,0.1475644571537494,0.4993402128311577,0.9420204486538812
EXP-0222,leave_rule_out_cv,v7,soft,general_shelf_life,gradient_boosting,gradient_boosting_leave_rule_out,,,,"GroupKFold(source_rule_id), K=n_rules (leave-one-rule-out)",source_rule_id,7,,,,,,,,scripts\experiments\overfitting_diagnosis\experiment_5_leave_rule_out_full_zoo.csv,verified_from_result_file,,,,,,,,0.3699903546299941,0.5726712751408876,0.8215906311346215,-1.538032439230737,0.9672238653868136
EXP-0223,leave_rule_out_cv,v7,soft,general_shelf_life,adaboost,adaboost_leave_rule_out,,,,"GroupKFold(source_rule_id), K=n_rules (leave-one-rule-out)",source_rule_id,7,,,,,,,,scripts\experiments\overfitting_diagnosis\experiment_5_leave_rule_out_full_zoo.csv,verified_from_result_file,,,,,,,,-4.655576751710522,-2.389793715701506,6.545500920155225,-17.295377511117014,0.950580167688139
EXP-0224,leave_rule_out_cv,v7,soft,general_shelf_life,extra_trees,extra_trees_leave_rule_out,,,,"GroupKFold(source_rule_id), K=n_rules (leave-one-rule-out)",source_rule_id,7,,,,,,,,scripts\experiments\overfitting_diagnosis\experiment_5_leave_rule_out_full_zoo.csv,verified_from_result_file,,,,,,,,0.0159296892037955,0.6055185822570303,1.2417358248235353,-2.4346461901691527,0.9737026605064488
EXP-0225,leave_rule_out_cv,v7,soft,general_shelf_life,pls_regression,pls_regression_leave_rule_out,,,,"GroupKFold(source_rule_id), K=n_rules (leave-one-rule-out)",source_rule_id,7,,,,,,,,scripts\experiments\overfitting_diagnosis\experiment_5_leave_rule_out_full_zoo.csv,verified_from_result_file,,,,,,,,-6.81464495939151,-6.390010397206269,9.662543570289053,-28.545385113025823,0.8925351855375407
EXP-0226,leave_rule_out_cv,v7,soft,general_shelf_life,dummy_mean_baseline,dummy_mean_baseline_leave_rule_out,,,,"GroupKFold(source_rule_id), K=n_rules (leave-one-rule-out)",source_rule_id,7,,,,,,,,scripts\experiments\overfitting_diagnosis\experiment_5_leave_rule_out_full_zoo.csv,verified_from_result_file,,,,,,,,-66.00908465026426,-65.8467365967017,73.30345864224485,-219.4584128020882,-0.0001827532644671
EXP-0227,leave_rule_out_cv,v7,soft,general_shelf_life,lightgbm_production_hparams,lightgbm_production_hparams_leave_rule_out,,,,"GroupKFold(source_rule_id), K=n_rules (leave-one-rule-out)",source_rule_id,7,,,,,,,,scripts\experiments\overfitting_diagnosis\experiment_5_leave_rule_out_full_zoo.csv,verified_from_result_file,,,,,,,,0.7517025574060084,0.8308581121204253,0.2561675321139362,0.2544288198230479,0.9843100662852812
EXP-0228,leave_rule_out_cv,v7,soft,safety_endpoint,ridge_regression,ridge_regression_leave_rule_out,,,,"GroupKFold(source_rule_id), K=n_rules (leave-one-rule-out)",source_rule_id,11,,,,,,,,scripts\experiments\overfitting_diagnosis\experiment_5_leave_rule_out_full_zoo.csv,verified_from_result_file,,,,,,,,0.2545934017760966,0.2760212559399778,0.2830336186859664,-0.3036442379000637,0.707981872633015
EXP-0229,leave_rule_out_cv,v7,soft,safety_endpoint,shallow_decision_tree,shallow_decision_tree_leave_rule_out,,,,"GroupKFold(source_rule_id), K=n_rules (leave-one-rule-out)",source_rule_id,11,,,,,,,,scripts\experiments\overfitting_diagnosis\experiment_5_leave_rule_out_full_zoo.csv,verified_from_result_file,,,,,,,,0.2527324813869697,0.2770186498858356,0.2801831142444561,-0.1586864282541362,0.7223149320678205
EXP-0230,leave_rule_out_cv,v7,soft,safety_endpoint,shallow_random_forest,shallow_random_forest_leave_rule_out,,,,"GroupKFold(source_rule_id), K=n_rules (leave-one-rule-out)",source_rule_id,11,,,,,,,,scripts\experiments\overfitting_diagnosis\experiment_5_leave_rule_out_full_zoo.csv,verified_from_result_file,,,,,,,,0.3182769825208325,0.3264538599300152,0.2701387863961913,-0.1344104978302149,0.7551534895997667
EXP-0231,leave_rule_out_cv,v7,soft,safety_endpoint,small_mlp,small_mlp_leave_rule_out,,,,"GroupKFold(source_rule_id), K=n_rules (leave-one-rule-out)",source_rule_id,11,,,,,,,,scripts\experiments\overfitting_diagnosis\experiment_5_leave_rule_out_full_zoo.csv,verified_from_result_file,,,,,,,,0.1502744983499166,0.3042570554469046,0.6278803795587352,-1.6875832721622857,0.7507769331709232
EXP-0232,leave_rule_out_cv,v7,soft,safety_endpoint,lasso,lasso_leave_rule_out,,,,"GroupKFold(source_rule_id), K=n_rules (leave-one-rule-out)",source_rule_id,11,,,,,,,,scripts\experiments\overfitting_diagnosis\experiment_5_leave_rule_out_full_zoo.csv,verified_from_result_file,,,,,,,,0.2470294466628632,0.2776896762239381,0.2798750015302853,-0.2718718882205038,0.7106175580278845
EXP-0233,leave_rule_out_cv,v7,soft,safety_endpoint,elastic_net,elastic_net_leave_rule_out,,,,"GroupKFold(source_rule_id), K=n_rules (leave-one-rule-out)",source_rule_id,11,,,,,,,,scripts\experiments\overfitting_diagnosis\experiment_5_leave_rule_out_full_zoo.csv,verified_from_result_file,,,,,,,,0.2408880219638164,0.2787207161153068,0.2788694106778295,-0.2563959328964729,0.7104638007687041
EXP-0234,leave_rule_out_cv,v7,soft,safety_endpoint,bayesian_ridge,bayesian_ridge_leave_rule_out,,,,"GroupKFold(source_rule_id), K=n_rules (leave-one-rule-out)",source_rule_id,11,,,,,,,,scripts\experiments\overfitting_diagnosis\experiment_5_leave_rule_out_full_zoo.csv,verified_from_result_file,,,,,,,,0.2511324873861141,0.2773502907140172,0.2794110719448248,-0.2871855140897767,0.7091299828023993
EXP-0235,leave_rule_out_cv,v7,soft,safety_endpoint,knn_regressor_k5,knn_regressor_k5_leave_rule_out,,,,"GroupKFold(source_rule_id), K=n_rules (leave-one-rule-out)",source_rule_id,11,,,,,,,,scripts\experiments\overfitting_diagnosis\experiment_5_leave_rule_out_full_zoo.csv,verified_from_result_file,,,,,,,,-0.8190406653644139,-0.118175503497274,2.1466124743155035,-7.351627405979087,0.5100388094076381
EXP-0236,leave_rule_out_cv,v7,soft,safety_endpoint,svr_rbf,svr_rbf_leave_rule_out,,,,"GroupKFold(source_rule_id), K=n_rules (leave-one-rule-out)",source_rule_id,11,,,,,,,,scripts\experiments\overfitting_diagnosis\experiment_5_leave_rule_out_full_zoo.csv,verified_from_result_file,,,,,,,,0.1237835590223472,0.2120330251717388,0.4286110622756078,-0.7123103131119559,0.7429871507592123
EXP-0237,leave_rule_out_cv,v7,soft,safety_endpoint,gradient_boosting,gradient_boosting_leave_rule_out,,,,"GroupKFold(source_rule_id), K=n_rules (leave-one-rule-out)",source_rule_id,11,,,,,,,,scripts\experiments\overfitting_diagnosis\experiment_5_leave_rule_out_full_zoo.csv,verified_from_result_file,,,,,,,,0.373425637992147,0.3686178350086503,0.2702593671675061,-0.1701565127639244,0.8010751243927635
EXP-0238,leave_rule_out_cv,v7,soft,safety_endpoint,adaboost,adaboost_leave_rule_out,,,,"GroupKFold(source_rule_id), K=n_rules (leave-one-rule-out)",source_rule_id,11,,,,,,,,scripts\experiments\overfitting_diagnosis\experiment_5_leave_rule_out_full_zoo.csv,verified_from_result_file,,,,,,,,0.2970850725933198,0.3000999036616593,0.2568066748068978,-0.0639461333611157,0.7304976231075408
EXP-0239,leave_rule_out_cv,v7,soft,safety_endpoint,extra_trees,extra_trees_leave_rule_out,,,,"GroupKFold(source_rule_id), K=n_rules (leave-one-rule-out)",source_rule_id,11,,,,,,,,scripts\experiments\overfitting_diagnosis\experiment_5_leave_rule_out_full_zoo.csv,verified_from_result_file,,,,,,,,0.3937770902317417,0.4815107841963929,0.2859406054440921,-0.1614993628150502,0.7709476486205566
EXP-0240,leave_rule_out_cv,v7,soft,safety_endpoint,pls_regression,pls_regression_leave_rule_out,,,,"GroupKFold(source_rule_id), K=n_rules (leave-one-rule-out)",source_rule_id,11,,,,,,,,scripts\experiments\overfitting_diagnosis\experiment_5_leave_rule_out_full_zoo.csv,verified_from_result_file,,,,,,,,0.2566766327016438,0.3077474943219976,0.2935020700067707,-0.3503055749257511,0.7089016924483708
EXP-0241,leave_rule_out_cv,v7,soft,safety_endpoint,dummy_mean_baseline,dummy_mean_baseline_leave_rule_out,,,,"GroupKFold(source_rule_id), K=n_rules (leave-one-rule-out)",source_rule_id,11,,,,,,,,scripts\experiments\overfitting_diagnosis\experiment_5_leave_rule_out_full_zoo.csv,verified_from_result_file,,,,,,,,-3.1317155068646767,-0.1895066444018327,6.448370305854209,-20.763358566975985,-0.0529336441779901
EXP-0242,leave_rule_out_cv,v7,soft,safety_endpoint,lightgbm_production_hparams,lightgbm_production_hparams_leave_rule_out,,,,"GroupKFold(source_rule_id), K=n_rules (leave-one-rule-out)",source_rule_id,11,,,,,,,,scripts\experiments\overfitting_diagnosis\experiment_5_leave_rule_out_full_zoo.csv,verified_from_result_file,,,,,,,,0.5995211105075279,0.7054563145477055,0.3268701449950358,-0.1872050672124672,0.9510255009190032
EXP-0243,leave_rule_out_cv,v7,semi_hard,general_shelf_life,ridge_regression,ridge_regression_leave_rule_out,,,,"GroupKFold(source_rule_id), K=n_rules (leave-one-rule-out)",source_rule_id,12,,,,,,,,scripts\experiments\overfitting_diagnosis\experiment_5_leave_rule_out_full_zoo.csv,verified_from_result_file,,,,,,,,0.0550349930900182,0.4174835331775645,0.9420265812679084,-2.196646236442843,0.892061164634086
EXP-0244,leave_rule_out_cv,v7,semi_hard,general_shelf_life,shallow_decision_tree,shallow_decision_tree_leave_rule_out,,,,"GroupKFold(source_rule_id), K=n_rules (leave-one-rule-out)",source_rule_id,12,,,,,,,,scripts\experiments\overfitting_diagnosis\experiment_5_leave_rule_out_full_zoo.csv,verified_from_result_file,,,,,,,,0.0198705191836621,0.3637108365559632,1.0481581216348943,-3.256199255637319,0.7827740771798811
EXP-0245,leave_rule_out_cv,v7,semi_hard,general_shelf_life,shallow_random_forest,shallow_random_forest_leave_rule_out,,,,"GroupKFold(source_rule_id), K=n_rules (leave-one-rule-out)",source_rule_id,12,,,,,,,,scripts\experiments\overfitting_diagnosis\experiment_5_leave_rule_out_full_zoo.csv,verified_from_result_file,,,,,,,,0.39219188150323,0.591565898119861,0.5058412129178583,-1.1152127442346558,0.8404615642998592
EXP-0246,leave_rule_out_cv,v7,semi_hard,general_shelf_life,small_mlp,small_mlp_leave_rule_out,,,,"GroupKFold(source_rule_id), K=n_rules (leave-one-rule-out)",source_rule_id,12,,,,,,,,scripts\experiments\overfitting_diagnosis\experiment_5_leave_rule_out_full_zoo.csv,verified_from_result_file,,,,,,,,0.6423128818593987,0.7758977840137191,0.3298545595349184,-0.2991030028615502,0.906762292568342
EXP-0247,leave_rule_out_cv,v7,semi_hard,general_shelf_life,lasso,lasso_leave_rule_out,,,,"GroupKFold(source_rule_id), K=n_rules (leave-one-rule-out)",source_rule_id,12,,,,,,,,scripts\experiments\overfitting_diagnosis\experiment_5_leave_rule_out_full_zoo.csv,verified_from_result_file,,,,,,,,0.0643333527404583,0.4345825669038402,0.9441969715786342,-2.209545774843441,0.8914982037135021
EXP-0248,leave_rule_out_cv,v7,semi_hard,general_shelf_life,elastic_net,elastic_net_leave_rule_out,,,,"GroupKFold(source_rule_id), K=n_rules (leave-one-rule-out)",source_rule_id,12,,,,,,,,scripts\experiments\overfitting_diagnosis\experiment_5_leave_rule_out_full_zoo.csv,verified_from_result_file,,,,,,,,0.0151784391734712,0.4105689919929954,0.9588608635213792,-2.1364234014270376,0.8943447206208901
EXP-0249,leave_rule_out_cv,v7,semi_hard,general_shelf_life,bayesian_ridge,bayesian_ridge_leave_rule_out,,,,"GroupKFold(source_rule_id), K=n_rules (leave-one-rule-out)",source_rule_id,12,,,,,,,,scripts\experiments\overfitting_diagnosis\experiment_5_leave_rule_out_full_zoo.csv,verified_from_result_file,,,,,,,,0.0547031803327442,0.4160797169642687,0.9418986802516514,-2.196609055636955,0.8920622009268776
EXP-0250,leave_rule_out_cv,v7,semi_hard,general_shelf_life,knn_regressor_k5,knn_regressor_k5_leave_rule_out,,,,"GroupKFold(source_rule_id), K=n_rules (leave-one-rule-out)",source_rule_id,12,,,,,,,,scripts\experiments\overfitting_diagnosis\experiment_5_leave_rule_out_full_zoo.csv,verified_from_result_file,,,,,,,,-3.374488294835182,-0.5989311951819961,7.61446969188543,-27.969156966956348,0.8316453534221318
EXP-0251,leave_rule_out_cv,v7,semi_hard,general_shelf_life,svr_rbf,svr_rbf_leave_rule_out,,,,"GroupKFold(source_rule_id), K=n_rules (leave-one-rule-out)",source_rule_id,12,,,,,,,,scripts\experiments\overfitting_diagnosis\experiment_5_leave_rule_out_full_zoo.csv,verified_from_result_file,,,,,,,,-0.1108372190774708,0.3109474100489129,1.0609734571691924,-2.485307941067824,0.8029472398961787
EXP-0252,leave_rule_out_cv,v7,semi_hard,general_shelf_life,gradient_boosting,gradient_boosting_leave_rule_out,,,,"GroupKFold(source_rule_id), K=n_rules (leave-one-rule-out)",source_rule_id,12,,,,,,,,scripts\experiments\overfitting_diagnosis\experiment_5_leave_rule_out_full_zoo.csv,verified_from_result_file,,,,,,,,0.6210367987416625,0.7060673495137826,0.2806284507373072,-0.092640875606988,0.9184471873781884
EXP-0253,leave_rule_out_cv,v7,semi_hard,general_shelf_life,adaboost,adaboost_leave_rule_out,,,,"GroupKFold(source_rule_id), K=n_rules (leave-one-rule-out)",source_rule_id,12,,,,,,,,scripts\experiments\overfitting_diagnosis\experiment_5_leave_rule_out_full_zoo.csv,verified_from_result_file,,,,,,,,-1.6252657476404166,0.4066149636158859,3.973346321406563,-12.294439017127768,0.8328366179028786
EXP-0254,leave_rule_out_cv,v7,semi_hard,general_shelf_life,extra_trees,extra_trees_leave_rule_out,,,,"GroupKFold(source_rule_id), K=n_rules (leave-one-rule-out)",source_rule_id,12,,,,,,,,scripts\experiments\overfitting_diagnosis\experiment_5_leave_rule_out_full_zoo.csv,verified_from_result_file,,,,,,,,0.5528704199742008,0.6260593695005914,0.3388737682077037,-0.4530799476438638,0.8711128067984202
EXP-0255,leave_rule_out_cv,v7,semi_hard,general_shelf_life,pls_regression,pls_regression_leave_rule_out,,,,"GroupKFold(source_rule_id), K=n_rules (leave-one-rule-out)",source_rule_id,12,,,,,,,,scripts\experiments\overfitting_diagnosis\experiment_5_leave_rule_out_full_zoo.csv,verified_from_result_file,,,,,,,,-0.0318082226118062,0.4587314087671249,1.0444718053448974,-2.338077213621689,0.8756746490473793
EXP-0256,leave_rule_out_cv,v7,semi_hard,general_shelf_life,dummy_mean_baseline,dummy_mean_baseline_leave_rule_out,,,,"GroupKFold(source_rule_id), K=n_rules (leave-one-rule-out)",source_rule_id,12,,,,,,,,scripts\experiments\overfitting_diagnosis\experiment_5_leave_rule_out_full_zoo.csv,verified_from_result_file,,,,,,,,-10.274163343327237,-2.1478587032171337,15.530445022472769,-51.07490787968805,-0.037243715997512
EXP-0257,leave_rule_out_cv,v7,semi_hard,general_shelf_life,lightgbm_production_hparams,lightgbm_production_hparams_leave_rule_out,,,,"GroupKFold(source_rule_id), K=n_rules (leave-one-rule-out)",source_rule_id,12,,,,,,,,scripts\experiments\overfitting_diagnosis\experiment_5_leave_rule_out_full_zoo.csv,verified_from_result_file,,,,,,,,0.782084446514555,0.8711177982876677,0.1826642513865687,0.2790741197177793,0.9387886614784636
EXP-0258,leave_rule_out_cv,v7,semi_hard,safety_endpoint,ridge_regression,ridge_regression_leave_rule_out,,,,"GroupKFold(source_rule_id), K=n_rules (leave-one-rule-out)",source_rule_id,8,,,,,,,,scripts\experiments\overfitting_diagnosis\experiment_5_leave_rule_out_full_zoo.csv,verified_from_result_file,,,,,,,,0.1326216500177113,0.1063003091269781,0.1937686251676145,-0.1047922532041476,0.3914108418083066
EXP-0259,leave_rule_out_cv,v7,semi_hard,safety_endpoint,shallow_decision_tree,shallow_decision_tree_leave_rule_out,,,,"GroupKFold(source_rule_id), K=n_rules (leave-one-rule-out)",source_rule_id,8,,,,,,,,scripts\experiments\overfitting_diagnosis\experiment_5_leave_rule_out_full_zoo.csv,verified_from_result_file,,,,,,,,0.1504665401959225,0.1162368342437101,0.1834491181098046,-0.0879315215053808,0.4013436560080531
EXP-0260,leave_rule_out_cv,v7,semi_hard,safety_endpoint,shallow_random_forest,shallow_random_forest_leave_rule_out,,,,"GroupKFold(source_rule_id), K=n_rules (leave-one-rule-out)",source_rule_id,8,,,,,,,,scripts\experiments\overfitting_diagnosis\experiment_5_leave_rule_out_full_zoo.csv,verified_from_result_file,,,,,,,,0.1816364155394612,0.1616182753044696,0.1902245299956304,-0.0672916320077869,0.4243739859856162
EXP-0261,leave_rule_out_cv,v7,semi_hard,safety_endpoint,small_mlp,small_mlp_leave_rule_out,,,,"GroupKFold(source_rule_id), K=n_rules (leave-one-rule-out)",source_rule_id,8,,,,,,,,scripts\experiments\overfitting_diagnosis\experiment_5_leave_rule_out_full_zoo.csv,verified_from_result_file,,,,,,,,0.1060828009258779,0.1963992375877072,0.3237085230261605,-0.4579328095111181,0.5459033370761298
EXP-0262,leave_rule_out_cv,v7,semi_hard,safety_endpoint,lasso,lasso_leave_rule_out,,,,"GroupKFold(source_rule_id), K=n_rules (leave-one-rule-out)",source_rule_id,8,,,,,,,,scripts\experiments\overfitting_diagnosis\experiment_5_leave_rule_out_full_zoo.csv,verified_from_result_file,,,,,,,,0.139213194017927,0.1115723184705422,0.1882229709558245,-0.0884438595213146,0.3905783106927589
EXP-0263,leave_rule_out_cv,v7,semi_hard,safety_endpoint,elastic_net,elastic_net_leave_rule_out,,,,"GroupKFold(source_rule_id), K=n_rules (leave-one-rule-out)",source_rule_id,8,,,,,,,,scripts\experiments\overfitting_diagnosis\experiment_5_leave_rule_out_full_zoo.csv,verified_from_result_file,,,,,,,,0.1434946819047318,0.1175818589277506,0.1792403320966897,-0.0561755631788982,0.3877744770886365
EXP-0264,leave_rule_out_cv,v7,semi_hard,safety_endpoint,bayesian_ridge,bayesian_ridge_leave_rule_out,,,,"GroupKFold(source_rule_id), K=n_rules (leave-one-rule-out)",source_rule_id,8,,,,,,,,scripts\experiments\overfitting_diagnosis\experiment_5_leave_rule_out_full_zoo.csv,verified_from_result_file,,,,,,,,0.1372693495397001,0.1095847445134626,0.1876543392745828,-0.0856505829489366,0.39025271598836
EXP-0265,leave_rule_out_cv,v7,semi_hard,safety_endpoint,knn_regressor_k5,knn_regressor_k5_leave_rule_out,,,,"GroupKFold(source_rule_id), K=n_rules (leave-one-rule-out)",source_rule_id,8,,,,,,,,scripts\experiments\overfitting_diagnosis\experiment_5_leave_rule_out_full_zoo.csv,verified_from_result_file,,,,,,,,0.0045154616300905,0.0934319359863512,0.2432088951129314,-0.3497594366889611,0.3816952263766767
EXP-0266,leave_rule_out_cv,v7,semi_hard,safety_endpoint,svr_rbf,svr_rbf_leave_rule_out,,,,"GroupKFold(source_rule_id), K=n_rules (leave-one-rule-out)",source_rule_id,8,,,,,,,,scripts\experiments\overfitting_diagnosis\experiment_5_leave_rule_out_full_zoo.csv,verified_from_result_file,,,,,,,,0.087265038100072,0.0969417886722773,0.2283205717286921,-0.1980140233854221,0.4359146719410466
EXP-0267,leave_rule_out_cv,v7,semi_hard,safety_endpoint,gradient_boosting,gradient_boosting_leave_rule_out,,,,"GroupKFold(source_rule_id), K=n_rules (leave-one-rule-out)",source_rule_id,8,,,,,,,,scripts\experiments\overfitting_diagnosis\experiment_5_leave_rule_out_full_zoo.csv,verified_from_result_file,,,,,,,,0.3007899012370357,0.3292440890313941,0.195166385340908,-0.0522111509775398,0.5599041715273407
EXP-0268,leave_rule_out_cv,v7,semi_hard,safety_endpoint,adaboost,adaboost_leave_rule_out,,,,"GroupKFold(source_rule_id), K=n_rules (leave-one-rule-out)",source_rule_id,8,,,,,,,,scripts\experiments\overfitting_diagnosis\experiment_5_leave_rule_out_full_zoo.csv,verified_from_result_file,,,,,,,,0.1600645706767564,0.1364648511133231,0.1877572339058865,-0.0940723647019896,0.4048219272326796
EXP-0269,leave_rule_out_cv,v7,semi_hard,safety_endpoint,extra_trees,extra_trees_leave_rule_out,,,,"GroupKFold(source_rule_id), K=n_rules (leave-one-rule-out)",source_rule_id,8,,,,,,,,scripts\experiments\overfitting_diagnosis\experiment_5_leave_rule_out_full_zoo.csv,verified_from_result_file,,,,,,,,0.2498707133074781,0.2735522211636547,0.2110061967867839,-0.0220473460856289,0.5410590829572749
EXP-0270,leave_rule_out_cv,v7,semi_hard,safety_endpoint,pls_regression,pls_regression_leave_rule_out,,,,"GroupKFold(source_rule_id), K=n_rules (leave-one-rule-out)",source_rule_id,8,,,,,,,,scripts\experiments\overfitting_diagnosis\experiment_5_leave_rule_out_full_zoo.csv,verified_from_result_file,,,,,,,,0.1400684171340523,0.1110640014091347,0.1858329293177414,-0.0762374217139467,0.3883752199684102
EXP-0271,leave_rule_out_cv,v7,semi_hard,safety_endpoint,dummy_mean_baseline,dummy_mean_baseline_leave_rule_out,,,,"GroupKFold(source_rule_id), K=n_rules (leave-one-rule-out)",source_rule_id,8,,,,,,,,scripts\experiments\overfitting_diagnosis\experiment_5_leave_rule_out_full_zoo.csv,verified_from_result_file,,,,,,,,-0.0363463978375219,-0.0257390174320126,0.0420691670210561,-0.1444443223077058,-0.0065985190373651
EXP-0272,leave_rule_out_cv,v7,semi_hard,safety_endpoint,lightgbm_production_hparams,lightgbm_production_hparams_leave_rule_out,,,,"GroupKFold(source_rule_id), K=n_rules (leave-one-rule-out)",source_rule_id,8,,,,,,,,scripts\experiments\overfitting_diagnosis\experiment_5_leave_rule_out_full_zoo.csv,verified_from_result_file,,,,,,,,0.737204119223512,0.7874281610424715,0.1569302867758861,0.4857878176186759,0.9236857959055128
EXP-0273,leave_rule_out_cv,v7,hard,general_shelf_life,ridge_regression,ridge_regression_leave_rule_out,,,,"GroupKFold(source_rule_id), K=n_rules (leave-one-rule-out)",source_rule_id,8,,,,,,,,scripts\experiments\overfitting_diagnosis\experiment_5_leave_rule_out_full_zoo.csv,verified_from_result_file,,,,,,,,0.1078911248211249,0.1657914375978038,0.7006403993594201,-1.345019558914288,0.8373642560532677
EXP-0274,leave_rule_out_cv,v7,hard,general_shelf_life,shallow_decision_tree,shallow_decision_tree_leave_rule_out,,,,"GroupKFold(source_rule_id), K=n_rules (leave-one-rule-out)",source_rule_id,8,,,,,,,,scripts\experiments\overfitting_diagnosis\experiment_5_leave_rule_out_full_zoo.csv,verified_from_result_file,,,,,,,,-9.75967173627833,0.4435648136585285,16.42279917107285,-38.95028623286013,0.7533771864044616
EXP-0275,leave_rule_out_cv,v7,hard,general_shelf_life,shallow_random_forest,shallow_random_forest_leave_rule_out,,,,"GroupKFold(source_rule_id), K=n_rules (leave-one-rule-out)",source_rule_id,8,,,,,,,,scripts\experiments\overfitting_diagnosis\experiment_5_leave_rule_out_full_zoo.csv,verified_from_result_file,,,,,,,,-0.3509779400815878,0.6199024357786695,1.6621280792456004,-4.040723333658196,0.7714863582414953
EXP-0276,leave_rule_out_cv,v7,hard,general_shelf_life,small_mlp,small_mlp_leave_rule_out,,,,"GroupKFold(source_rule_id), K=n_rules (leave-one-rule-out)",source_rule_id,8,,,,,,,,scripts\experiments\overfitting_diagnosis\experiment_5_leave_rule_out_full_zoo.csv,verified_from_result_file,,,,,,,,0.2579547919257875,0.2125490955727843,0.3189440836838356,-0.1669385372237641,0.751213175322358
EXP-0277,leave_rule_out_cv,v7,hard,general_shelf_life,lasso,lasso_leave_rule_out,,,,"GroupKFold(source_rule_id), K=n_rules (leave-one-rule-out)",source_rule_id,8,,,,,,,,scripts\experiments\overfitting_diagnosis\experiment_5_leave_rule_out_full_zoo.csv,verified_from_result_file,,,,,,,,0.106008829155316,0.1490373533485862,0.7046857928037564,-1.3495218421206507,0.8412464337499332
EXP-0278,leave_rule_out_cv,v7,hard,general_shelf_life,elastic_net,elastic_net_leave_rule_out,,,,"GroupKFold(source_rule_id), K=n_rules (leave-one-rule-out)",source_rule_id,8,,,,,,,,scripts\experiments\overfitting_diagnosis\experiment_5_leave_rule_out_full_zoo.csv,verified_from_result_file,,,,,,,,-0.2755533292019334,0.239524644340099,1.193149149338364,-2.6906696460163158,0.7716573551128134
EXP-0279,leave_rule_out_cv,v7,hard,general_shelf_life,bayesian_ridge,bayesian_ridge_leave_rule_out,,,,"GroupKFold(source_rule_id), K=n_rules (leave-one-rule-out)",source_rule_id,8,,,,,,,,scripts\experiments\overfitting_diagnosis\experiment_5_leave_rule_out_full_zoo.csv,verified_from_result_file,,,,,,,,0.098026758635446,0.1625288313058029,0.7020933882101343,-1.327115762421644,0.8338451525286391
EXP-0280,leave_rule_out_cv,v7,hard,general_shelf_life,knn_regressor_k5,knn_regressor_k5_leave_rule_out,,,,"GroupKFold(source_rule_id), K=n_rules (leave-one-rule-out)",source_rule_id,8,,,,,,,,scripts\experiments\overfitting_diagnosis\experiment_5_leave_rule_out_full_zoo.csv,verified_from_result_file,,,,,,,,-16.44546141182937,-8.616039097152987,19.738886476155177,-55.18476083944008,0.5540381525586653
EXP-0281,leave_rule_out_cv,v7,hard,general_shelf_life,svr_rbf,svr_rbf_leave_rule_out,,,,"GroupKFold(source_rule_id), K=n_rules (leave-one-rule-out)",source_rule_id,8,,,,,,,,scripts\experiments\overfitting_diagnosis\experiment_5_leave_rule_out_full_zoo.csv,verified_from_result_file,,,,,,,,-3.602755627970557,-2.2752923083935213,4.139421905009753,-9.835219617074424,0.6903434270995907
EXP-0282,leave_rule_out_cv,v7,hard,general_shelf_life,gradient_boosting,gradient_boosting_leave_rule_out,,,,"GroupKFold(source_rule_id), K=n_rules (leave-one-rule-out)",source_rule_id,8,,,,,,,,scripts\experiments\overfitting_diagnosis\experiment_5_leave_rule_out_full_zoo.csv,verified_from_result_file,,,,,,,,-0.1948196002802958,0.5288443602920281,1.30440197914868,-2.95443092036861,0.8583121992844883
EXP-0283,leave_rule_out_cv,v7,hard,general_shelf_life,adaboost,adaboost_leave_rule_out,,,,"GroupKFold(source_rule_id), K=n_rules (leave-one-rule-out)",source_rule_id,8,,,,,,,,scripts\experiments\overfitting_diagnosis\experiment_5_leave_rule_out_full_zoo.csv,verified_from_result_file,,,,,,,,-1.7111985480406855,0.4437996434802463,4.092228886651808,-11.119295551951708,0.8044268253347795
EXP-0284,leave_rule_out_cv,v7,hard,general_shelf_life,extra_trees,extra_trees_leave_rule_out,,,,"GroupKFold(source_rule_id), K=n_rules (leave-one-rule-out)",source_rule_id,8,,,,,,,,scripts\experiments\overfitting_diagnosis\experiment_5_leave_rule_out_full_zoo.csv,verified_from_result_file,,,,,,,,-0.2493918805191659,0.657386887047387,1.7762233729650831,-4.681374934644203,0.8506281276650369
EXP-0285,leave_rule_out_cv,v7,hard,general_shelf_life,pls_regression,pls_regression_leave_rule_out,,,,"GroupKFold(source_rule_id), K=n_rules (leave-one-rule-out)",source_rule_id,8,,,,,,,,scripts\experiments\overfitting_diagnosis\experiment_5_leave_rule_out_full_zoo.csv,verified_from_result_file,,,,,,,,-0.1401765405567668,-0.1745364044962168,0.6757170398864898,-1.079107002013365,0.8027989451009196
EXP-0286,leave_rule_out_cv,v7,hard,general_shelf_life,dummy_mean_baseline,dummy_mean_baseline_leave_rule_out,,,,"GroupKFold(source_rule_id), K=n_rules (leave-one-rule-out)",source_rule_id,8,,,,,,,,scripts\experiments\overfitting_diagnosis\experiment_5_leave_rule_out_full_zoo.csv,verified_from_result_file,,,,,,,,-14.346708387807874,-8.78351053424031,15.038768326698335,-38.35435826734274,-0.1419160591058919
EXP-0287,leave_rule_out_cv,v7,hard,general_shelf_life,lightgbm_production_hparams,lightgbm_production_hparams_leave_rule_out,,,,"GroupKFold(source_rule_id), K=n_rules (leave-one-rule-out)",source_rule_id,8,,,,,,,,scripts\experiments\overfitting_diagnosis\experiment_5_leave_rule_out_full_zoo.csv,verified_from_result_file,,,,,,,,0.1818022994639579,0.7029173704691878,1.079312061620744,-2.537189782997928,0.924845902582494
EXP-0288,leave_rule_out_cv,v7,hard,safety_endpoint,ridge_regression,ridge_regression_leave_rule_out,,,,"GroupKFold(source_rule_id), K=n_rules (leave-one-rule-out)",source_rule_id,10,,,,,,,,scripts\experiments\overfitting_diagnosis\experiment_5_leave_rule_out_full_zoo.csv,verified_from_result_file,,,,,,,,-0.0391172528513481,-0.0193954700802827,0.058266447245362,-0.1614899055737075,0.0554860787730311
EXP-0289,leave_rule_out_cv,v7,hard,safety_endpoint,shallow_decision_tree,shallow_decision_tree_leave_rule_out,,,,"GroupKFold(source_rule_id), K=n_rules (leave-one-rule-out)",source_rule_id,10,,,,,,,,scripts\experiments\overfitting_diagnosis\experiment_5_leave_rule_out_full_zoo.csv,verified_from_result_file,,,,,,,,-0.0873186372212974,-0.0440342986117469,0.096217065800414,-0.2547748853396834,0.0313322428617189
EXP-0290,leave_rule_out_cv,v7,hard,safety_endpoint,shallow_random_forest,shallow_random_forest_leave_rule_out,,,,"GroupKFold(source_rule_id), K=n_rules (leave-one-rule-out)",source_rule_id,10,,,,,,,,scripts\experiments\overfitting_diagnosis\experiment_5_leave_rule_out_full_zoo.csv,verified_from_result_file,,,,,,,,0.0920883228283411,0.0848252844770529,0.0722201136074367,-0.0539730160252669,0.1823419680672434
EXP-0291,leave_rule_out_cv,v7,hard,safety_endpoint,small_mlp,small_mlp_leave_rule_out,,,,"GroupKFold(source_rule_id), K=n_rules (leave-one-rule-out)",source_rule_id,10,,,,,,,,scripts\experiments\overfitting_diagnosis\experiment_5_leave_rule_out_full_zoo.csv,verified_from_result_file,,,,,,,,-0.0216299934440759,0.0084505948008669,0.0625599670345658,-0.1821389705785818,0.0242660046506593
EXP-0292,leave_rule_out_cv,v7,hard,safety_endpoint,lasso,lasso_leave_rule_out,,,,"GroupKFold(source_rule_id), K=n_rules (leave-one-rule-out)",source_rule_id,10,,,,,,,,scripts\experiments\overfitting_diagnosis\experiment_5_leave_rule_out_full_zoo.csv,verified_from_result_file,,,,,,,,-0.0336944314560196,-0.0160382767936144,0.0567160817282631,-0.1543351906819268,0.0534919488764906
EXP-0293,leave_rule_out_cv,v7,hard,safety_endpoint,elastic_net,elastic_net_leave_rule_out,,,,"GroupKFold(source_rule_id), K=n_rules (leave-one-rule-out)",source_rule_id,10,,,,,,,,scripts\experiments\overfitting_diagnosis\experiment_5_leave_rule_out_full_zoo.csv,verified_from_result_file,,,,,,,,-0.0316532944944762,-0.01589525774386,0.0545892613310905,-0.1500702125822794,0.0523189174081488
EXP-0294,leave_rule_out_cv,v7,hard,safety_endpoint,bayesian_ridge,bayesian_ridge_leave_rule_out,,,,"GroupKFold(source_rule_id), K=n_rules (leave-one-rule-out)",source_rule_id,10,,,,,,,,scripts\experiments\overfitting_diagnosis\experiment_5_leave_rule_out_full_zoo.csv,verified_from_result_file,,,,,,,,-0.0135028669922454,0.0056712067180637,0.0416779339745827,-0.1153339703916374,0.0298080950931892
EXP-0295,leave_rule_out_cv,v7,hard,safety_endpoint,knn_regressor_k5,knn_regressor_k5_leave_rule_out,,,,"GroupKFold(source_rule_id), K=n_rules (leave-one-rule-out)",source_rule_id,10,,,,,,,,scripts\experiments\overfitting_diagnosis\experiment_5_leave_rule_out_full_zoo.csv,verified_from_result_file,,,,,,,,0.0345600262571681,0.0534252243996574,0.1040222502272316,-0.1299300753922234,0.2276505334036134
EXP-0296,leave_rule_out_cv,v7,hard,safety_endpoint,svr_rbf,svr_rbf_leave_rule_out,,,,"GroupKFold(source_rule_id), K=n_rules (leave-one-rule-out)",source_rule_id,10,,,,,,,,scripts\experiments\overfitting_diagnosis\experiment_5_leave_rule_out_full_zoo.csv,verified_from_result_file,,,,,,,,0.0251602547825542,0.0221495601676802,0.0503848401487466,-0.0420910250583652,0.0992435777138582
EXP-0297,leave_rule_out_cv,v7,hard,safety_endpoint,gradient_boosting,gradient_boosting_leave_rule_out,,,,"GroupKFold(source_rule_id), K=n_rules (leave-one-rule-out)",source_rule_id,10,,,,,,,,scripts\experiments\overfitting_diagnosis\experiment_5_leave_rule_out_full_zoo.csv,verified_from_result_file,,,,,,,,0.2110030447246565,0.1975013562387844,0.1274539523979791,-0.0148014666157252,0.4637583089914608
EXP-0298,leave_rule_out_cv,v7,hard,safety_endpoint,adaboost,adaboost_leave_rule_out,,,,"GroupKFold(source_rule_id), K=n_rules (leave-one-rule-out)",source_rule_id,10,,,,,,,,scripts\experiments\overfitting_diagnosis\experiment_5_leave_rule_out_full_zoo.csv,verified_from_result_file,,,,,,,,0.0450538844186674,0.0359643406126389,0.0480954097545847,-0.0209142159157658,0.1527787005283528
EXP-0299,leave_rule_out_cv,v7,hard,safety_endpoint,extra_trees,extra_trees_leave_rule_out,,,,"GroupKFold(source_rule_id), K=n_rules (leave-one-rule-out)",source_rule_id,10,,,,,,,,scripts\experiments\overfitting_diagnosis\experiment_5_leave_rule_out_full_zoo.csv,verified_from_result_file,,,,,,,,0.2910473107110226,0.3050656197166042,0.1012085900268056,0.1122705643060328,0.4211902586060774
EXP-0300,leave_rule_out_cv,v7,hard,safety_endpoint,pls_regression,pls_regression_leave_rule_out,,,,"GroupKFold(source_rule_id), K=n_rules (leave-one-rule-out)",source_rule_id,10,,,,,,,,scripts\experiments\overfitting_diagnosis\experiment_5_leave_rule_out_full_zoo.csv,verified_from_result_file,,,,,,,,-0.0442990445907581,-0.0234777075570177,0.059287333137036,-0.1771238248833371,0.043923791590725
EXP-0301,leave_rule_out_cv,v7,hard,safety_endpoint,dummy_mean_baseline,dummy_mean_baseline_leave_rule_out,,,,"GroupKFold(source_rule_id), K=n_rules (leave-one-rule-out)",source_rule_id,10,,,,,,,,scripts\experiments\overfitting_diagnosis\experiment_5_leave_rule_out_full_zoo.csv,verified_from_result_file,,,,,,,,-0.0247151369596354,-0.0017859152039083,0.0392559452246065,-0.1063480386375117,-0.0002592808773078
EXP-0302,leave_rule_out_cv,v7,hard,safety_endpoint,lightgbm_production_hparams,lightgbm_production_hparams_leave_rule_out,,,,"GroupKFold(source_rule_id), K=n_rules (leave-one-rule-out)",source_rule_id,10,,,,,,,,scripts\experiments\overfitting_diagnosis\experiment_5_leave_rule_out_full_zoo.csv,verified_from_result_file,,,,,,,,0.7067939359979712,0.7813866937414463,0.2074100297676416,0.3748465588742938,0.927322484804712
EXP-0303,leave_rule_out_cv,v7,soft,general_shelf_life,random_forest_production_hparams,random_forest_production_hparams_leave_rule_out,,,,"GroupKFold(source_rule_id), K=n_rules (leave-one-rule-out)",source_rule_id,7,,,,,,,,scripts\experiments\overfitting_diagnosis\experiment_6_leave_rule_out_rf_xgb.csv,verified_from_result_file,,,,,,,,0.6039507019193548,0.874954288472262,0.4843751610421315,-0.3348773867987256,0.9772743333566576
EXP-0304,leave_rule_out_cv,v7,soft,general_shelf_life,xgboost_production_hparams,xgboost_production_hparams_leave_rule_out,,,,"GroupKFold(source_rule_id), K=n_rules (leave-one-rule-out)",source_rule_id,7,,,,,,,,scripts\experiments\overfitting_diagnosis\experiment_6_leave_rule_out_rf_xgb.csv,verified_from_result_file,,,,,,,,0.6511480376426372,0.8057165711802217,0.4267897757033341,-0.2786318159014231,0.9826302759207184
EXP-0305,leave_rule_out_cv,v7,soft,safety_endpoint,random_forest_production_hparams,random_forest_production_hparams_leave_rule_out,,,,"GroupKFold(source_rule_id), K=n_rules (leave-one-rule-out)",source_rule_id,11,,,,,,,,scripts\experiments\overfitting_diagnosis\experiment_6_leave_rule_out_rf_xgb.csv,verified_from_result_file,,,,,,,,0.6919248797927257,0.8121044701615735,0.3225139890725296,-0.1664530549837621,0.9882009016903656
EXP-0306,leave_rule_out_cv,v7,soft,safety_endpoint,xgboost_production_hparams,xgboost_production_hparams_leave_rule_out,,,,"GroupKFold(source_rule_id), K=n_rules (leave-one-rule-out)",source_rule_id,11,,,,,,,,scripts\experiments\overfitting_diagnosis\experiment_6_leave_rule_out_rf_xgb.csv,verified_from_result_file,,,,,,,,0.5889147669039322,0.671176151415912,0.3043447264572763,-0.1643170070216622,0.9289415722475582
EXP-0307,leave_rule_out_cv,v7,semi_hard,general_shelf_life,random_forest_production_hparams,random_forest_production_hparams_leave_rule_out,,,,"GroupKFold(source_rule_id), K=n_rules (leave-one-rule-out)",source_rule_id,12,,,,,,,,scripts\experiments\overfitting_diagnosis\experiment_6_leave_rule_out_rf_xgb.csv,verified_from_result_file,,,,,,,,0.7369163110217422,0.7821509516358569,0.1652214006228357,0.3739382156492413,0.954876987173968
EXP-0308,leave_rule_out_cv,v7,semi_hard,general_shelf_life,xgboost_production_hparams,xgboost_production_hparams_leave_rule_out,,,,"GroupKFold(source_rule_id), K=n_rules (leave-one-rule-out)",source_rule_id,12,,,,,,,,scripts\experiments\overfitting_diagnosis\experiment_6_leave_rule_out_rf_xgb.csv,verified_from_result_file,,,,,,,,0.7479001587196882,0.8402863031023314,0.1953106052925222,0.2699605319738035,0.9328033353200764
EXP-0309,leave_rule_out_cv,v7,semi_hard,safety_endpoint,random_forest_production_hparams,random_forest_production_hparams_leave_rule_out,,,,"GroupKFold(source_rule_id), K=n_rules (leave-one-rule-out)",source_rule_id,8,,,,,,,,scripts\experiments\overfitting_diagnosis\experiment_6_leave_rule_out_rf_xgb.csv,verified_from_result_file,,,,,,,,0.8117619812067626,0.8561462903489501,0.1577515906346721,0.5812504883216866,0.9821348488007812
EXP-0310,leave_rule_out_cv,v7,semi_hard,safety_endpoint,xgboost_production_hparams,xgboost_production_hparams_leave_rule_out,,,,"GroupKFold(source_rule_id), K=n_rules (leave-one-rule-out)",source_rule_id,8,,,,,,,,scripts\experiments\overfitting_diagnosis\experiment_6_leave_rule_out_rf_xgb.csv,verified_from_result_file,,,,,,,,0.6489001054670256,0.6899333255140028,0.1820561360813977,0.2690699907509867,0.8528494279015192
EXP-0311,leave_rule_out_cv,v7,hard,general_shelf_life,random_forest_production_hparams,random_forest_production_hparams_leave_rule_out,,,,"GroupKFold(source_rule_id), K=n_rules (leave-one-rule-out)",source_rule_id,8,,,,,,,,scripts\experiments\overfitting_diagnosis\experiment_6_leave_rule_out_rf_xgb.csv,verified_from_result_file,,,,,,,,-0.0967871773523369,0.6298437771534693,1.499025713124351,-3.859509181841388,0.9057437019071102
EXP-0312,leave_rule_out_cv,v7,hard,general_shelf_life,xgboost_production_hparams,xgboost_production_hparams_leave_rule_out,,,,"GroupKFold(source_rule_id), K=n_rules (leave-one-rule-out)",source_rule_id,8,,,,,,,,scripts\experiments\overfitting_diagnosis\experiment_6_leave_rule_out_rf_xgb.csv,verified_from_result_file,,,,,,,,-0.032800579299406,0.5683346116268237,1.070253275436441,-2.305473224307274,0.9102285976487446
EXP-0313,leave_rule_out_cv,v7,hard,safety_endpoint,random_forest_production_hparams,random_forest_production_hparams_leave_rule_out,,,,"GroupKFold(source_rule_id), K=n_rules (leave-one-rule-out)",source_rule_id,10,,,,,,,,scripts\experiments\overfitting_diagnosis\experiment_6_leave_rule_out_rf_xgb.csv,verified_from_result_file,,,,,,,,0.7431934208118246,0.7895792890251457,0.209631928614661,0.3938397913848497,0.970817188575206
EXP-0314,leave_rule_out_cv,v7,hard,safety_endpoint,xgboost_production_hparams,xgboost_production_hparams_leave_rule_out,,,,"GroupKFold(source_rule_id), K=n_rules (leave-one-rule-out)",source_rule_id,10,,,,,,,,scripts\experiments\overfitting_diagnosis\experiment_6_leave_rule_out_rf_xgb.csv,verified_from_result_file,,,,,,,,0.6966948784338312,0.7360559824824197,0.1902402542727301,0.3661522839226024,0.9162949010362804
